Nombre Sección,Sección,Total,censo,votos_total,Participación,cuartil
Abaltzisketa sección 01001,101001,14209.0,246.0,133.0,0.540650406504065,Q2
Aduna sección 01001,201001,15485.0,346.0,203.0,0.5867052023121387,Q3
Aizarnazabal sección 01001,301001,12996.0,547.0,308.0,0.5630712979890311,Q1
Albiztur sección 01001,401001,16226.0,252.0,121.0,0.4801587301587302,Q3
Alegia sección 01001,501001,12678.0,1260.0,738.0,0.5857142857142857,Q1
Alkiza sección 01001,601001,13245.0,259.0,143.0,0.5521235521235521,Q2
Altzo sección 01001,701001,14241.0,310.0,218.0,0.7032258064516129,Q2
Amezketa sección 01001,801001,14755.0,716.0,362.0,0.505586592178771,Q3
Andoain sección 01001,901001,13630.0,1025.0,684.0,0.6673170731707317,Q2
Andoain sección 01002,901002,13920.0,1337.0,896.0,0.6701570680628273,Q2
Andoain sección 01003,901003,12916.0,1441.0,928.0,0.6439972241498959,Q1
Andoain sección 01004,901004,13675.0,798.0,480.0,0.6015037593984962,Q2
Andoain sección 01005,901005,13095.0,945.0,615.0,0.6507936507936508,Q2
Andoain sección 01006,901006,12208.0,920.0,600.0,0.6521739130434783,Q1
Andoain sección 01007,901007,13657.0,974.0,639.0,0.6560574948665298,Q2
Andoain sección 01008,901008,14814.0,927.0,573.0,0.6181229773462783,Q3
Andoain sección 01009,901009,14051.0,904.0,537.0,0.5940265486725663,Q2
Andoain sección 01010,901010,13281.0,997.0,667.0,0.6690070210631895,Q2
Andoain sección 01011,901011,13402.0,1184.0,769.0,0.6494932432432432,Q2
Anoeta sección 01001,1001001,13355.0,1499.0,992.0,0.6617745163442295,Q2
Antzuola sección 01001,1101001,16832.0,1658.0,1219.0,0.7352231604342582,Q4
Arama sección 01001,1201001,18643.0,147.0,99.0,0.673469387755102,Q4
Aretxabaleta sección 01001,1301001,15663.0,1189.0,803.0,0.6753574432296047,Q3
Aretxabaleta sección 01002,1301002,17845.0,1529.0,1039.0,0.6795291039895357,Q4
Aretxabaleta sección 01003,1301003,16742.0,1523.0,983.0,0.6454366382140512,Q4
Aretxabaleta sección 01004,1301004,17825.0,1174.0,777.0,0.661839863713799,Q4
Asteasu sección 01001,1401001,13645.0,1108.0,611.0,0.5514440433212996,Q2
Ataun sección 01001,1501001,14848.0,1265.0,858.0,0.6782608695652174,Q3
Aia sección 01001,1601001,12708.0,858.0,430.0,0.5011655011655012,Q1
Aia sección 01002,1601002,13802.0,662.0,396.0,0.5981873111782477,Q2
Azkoitia sección 01001,1701001,12312.0,1180.0,665.0,0.5635593220338984,Q1
Azkoitia sección 01002,1701002,12960.0,758.0,494.0,0.6517150395778364,Q1
Azkoitia sección 02001,1702001,15021.0,748.0,467.0,0.6243315508021391,Q3
Azkoitia sección 02002,1702002,13843.0,1741.0,1085.0,0.6232050545663412,Q2
Azkoitia sección 03001,1703001,13617.0,990.0,621.0,0.6272727272727273,Q2
Azkoitia sección 03002,1703002,14828.0,1081.0,736.0,0.6808510638297872,Q3
Azkoitia sección 03003,1703003,14585.0,679.0,447.0,0.658321060382916,Q3
Azkoitia sección 03004,1703004,15978.0,1382.0,963.0,0.6968162083936325,Q3
Azpeitia sección 01001,1801001,14545.0,975.0,599.0,0.6143589743589744,Q3
Azpeitia sección 01002,1801002,12754.0,1125.0,699.0,0.6213333333333333,Q1
Azpeitia sección 01003,1801003,14262.0,1254.0,795.0,0.6339712918660287,Q2
Azpeitia sección 01004,1801004,14072.0,1620.0,984.0,0.6074074074074074,Q2
Azpeitia sección 01005,1801005,17246.0,1794.0,1121.0,0.624860646599777,Q4
Azpeitia sección 01006,1801006,12171.0,1447.0,849.0,0.5867311679336559,Q1
Azpeitia sección 01007,1801007,14734.0,1002.0,533.0,0.5319361277445109,Q3
Azpeitia sección 01008,1801008,13795.0,569.0,309.0,0.5430579964850615,Q2
Azpeitia sección 01009,1801009,15217.0,1278.0,830.0,0.6494522691705791,Q3
Beasain sección 01001,1901001,11596.0,786.0,446.0,0.5674300254452926,Q1
Beasain sección 01002,1901002,18149.0,1596.0,1042.0,0.6528822055137845,Q4
Beasain sección 01003,1901003,17327.0,1477.0,968.0,0.6553825321597834,Q4
Beasain sección 01004,1901004,19349.0,1245.0,784.0,0.629718875502008,Q4
Beasain sección 01005,1901005,15717.0,1586.0,1016.0,0.6406052963430012,Q3
Beasain sección 01007,1901007,16421.0,1792.0,1225.0,0.68359375,Q4
Beasain sección 01008,1901008,15010.0,522.0,372.0,0.7126436781609196,Q3
Beasain sección 01009,1901009,14127.0,982.0,575.0,0.5855397148676171,Q2
Beizama sección 01001,2001001,13186.0,125.0,71.0,0.568,Q2
Belauntza sección 01001,2101001,15179.0,200.0,100.0,0.5,Q3
Berastegi sección 01001,2201001,14008.0,839.0,473.0,0.5637663885578069,Q2
Berrobi sección 01001,2301001,13635.0,441.0,252.0,0.5714285714285714,Q2
Bidania-Goiatz sección 01001,2401001,12945.0,386.0,210.0,0.5440414507772021,Q1
Zegama sección 01001,2501001,15455.0,1143.0,765.0,0.6692913385826772,Q3
Zerain sección 01001,2601001,17448.0,197.0,145.0,0.7360406091370558,Q4
Zestoa sección 01001,2701001,13206.0,1783.0,1170.0,0.6561974200785193,Q2
Zestoa sección 01002,2701002,13340.0,1031.0,591.0,0.5732298739088264,Q2
Zizurkil sección 01001,2801001,14814.0,1427.0,922.0,0.6461107217939733,Q3
Zizurkil sección 01002,2801002,12005.0,810.0,451.0,0.5567901234567901,Q1
Deba sección 01001,2901001,17000.0,1334.0,917.0,0.6874062968515742,Q4
Deba sección 01002,2901002,14330.0,1392.0,918.0,0.6594827586206896,Q2
Deba sección 01003,2901003,15411.0,767.0,526.0,0.6857887874837028,Q3
Deba sección 02001,2902001,14174.0,788.0,452.0,0.5736040609137056,Q2
Eibar sección 01001,3001001,21537.0,1262.0,838.0,0.6640253565768621,Q4
Eibar sección 01002,3001002,17177.0,1116.0,732.0,0.6559139784946236,Q4
Eibar sección 01003,3001003,16751.0,859.0,585.0,0.681024447031432,Q4
Eibar sección 01004,3001004,14198.0,1258.0,788.0,0.6263910969793323,Q2
Eibar sección 01005,3001005,12360.0,1059.0,690.0,0.6515580736543909,Q1
Eibar sección 02001,3002001,13981.0,853.0,543.0,0.6365767878077374,Q2
Eibar sección 02002,3002002,12964.0,918.0,521.0,0.5675381263616558,Q1
Eibar sección 02003,3002003,12939.0,976.0,672.0,0.6885245901639344,Q1
Eibar sección 02004,3002004,13092.0,1002.0,631.0,0.6297405189620758,Q2
Eibar sección 02005,3002005,14491.0,923.0,621.0,0.6728060671722643,Q3
Eibar sección 03001,3003001,12617.0,1219.0,709.0,0.5816242821985234,Q1
Eibar sección 03003,3003003,15803.0,785.0,533.0,0.6789808917197452,Q3
Eibar sección 03004,3003004,14883.0,665.0,438.0,0.6586466165413534,Q3
Eibar sección 04001,3004001,14046.0,909.0,569.0,0.6259625962596259,Q2
Eibar sección 04002,3004002,16441.0,748.0,511.0,0.6831550802139037,Q4
Eibar sección 04003,3004003,22142.0,1003.0,700.0,0.6979062811565304,Q4
Eibar sección 04004,3004004,17509.0,540.0,401.0,0.7425925925925926,Q4
Eibar sección 04005,3004005,14295.0,772.0,469.0,0.6075129533678757,Q2
Eibar sección 04006,3004006,14075.0,780.0,510.0,0.6538461538461539,Q2
Eibar sección 05001,3005001,13232.0,1003.0,661.0,0.6590229312063809,Q2
Eibar sección 05002,3005002,18436.0,687.0,467.0,0.6797671033478894,Q4
Eibar sección 05003,3005003,12204.0,1160.0,781.0,0.6732758620689655,Q1
Eibar sección 05004,3005004,14142.0,926.0,590.0,0.6371490280777538,Q2
Elduain sección 01001,3101001,14530.0,176.0,90.0,0.5113636363636364,Q3
Elgoibar sección 01001,3201001,14181.0,1163.0,774.0,0.6655202063628547,Q2
Elgoibar sección 01002,3201002,14260.0,904.0,576.0,0.6371681415929203,Q2
Elgoibar sección 01003,3201003,15372.0,1493.0,983.0,0.6584058941728065,Q3
Elgoibar sección 01004,3201004,13058.0,622.0,375.0,0.6028938906752411,Q2
Elgoibar sección 01005,3201005,15436.0,945.0,585.0,0.6190476190476191,Q3
Elgoibar sección 01006,3201006,14098.0,831.0,520.0,0.6257521058965102,Q2
Elgoibar sección 01007,3201007,17286.0,1043.0,724.0,0.6941514860977949,Q4
Elgoibar sección 01008,3201008,13784.0,919.0,599.0,0.6517954298150164,Q2
Elgoibar sección 01010,3201010,15123.0,877.0,536.0,0.6111744583808438,Q3
Elgeta sección 01001,3301001,15227.0,868.0,600.0,0.6912442396313364,Q3
Eskoriatza sección 01001,3401001,15741.0,1586.0,1001.0,0.6311475409836066,Q3
Eskoriatza sección 01002,3401002,16516.0,1559.0,1025.0,0.6574727389352149,Q4
Ezkio-Itsaso sección 01001,3501001,17387.0,486.0,337.0,0.6934156378600823,Q4
Hondarribia sección 01001,3601001,14105.0,1198.0,709.0,0.5918196994991652,Q2
Hondarribia sección 01002,3601002,15313.0,1176.0,771.0,0.6556122448979592,Q3
Hondarribia sección 01003,3601003,14567.0,1178.0,763.0,0.6477079796264855,Q3
Hondarribia sección 01004,3601004,14659.0,773.0,499.0,0.6455368693402329,Q3
Hondarribia sección 01005,3601005,16181.0,1319.0,891.0,0.6755117513267627,Q3
Hondarribia sección 01006,3601006,12341.0,1190.0,784.0,0.6588235294117647,Q1
Hondarribia sección 01007,3601007,17102.0,1381.0,828.0,0.5995655322230268,Q4
Hondarribia sección 01008,3601008,18809.0,1259.0,813.0,0.6457505957108817,Q4
Hondarribia sección 01009,3601009,18655.0,955.0,678.0,0.7099476439790576,Q4
Hondarribia sección 01010,3601010,10457.0,593.0,346.0,0.5834738617200674,Q1
Hondarribia sección 01011,3601011,14442.0,1435.0,939.0,0.6543554006968642,Q3
Hondarribia sección 01012,3601012,23048.0,753.0,497.0,0.6600265604249668,Q4
Gaintza sección 01001,3701001,14764.0,99.0,64.0,0.6464646464646465,Q3
Gabiria sección 01001,3801001,17007.0,387.0,261.0,0.6744186046511628,Q4
Getaria sección 01001,3901001,13979.0,791.0,505.0,0.638432364096081,Q2
Getaria sección 01002,3901002,15397.0,1320.0,975.0,0.7386363636363636,Q3
Hernani sección 01001,4001001,12402.0,715.0,467.0,0.6531468531468532,Q1
Hernani sección 01002,4001002,13704.0,925.0,582.0,0.6291891891891892,Q2
Hernani sección 01003,4001003,14047.0,851.0,548.0,0.6439482961222092,Q2
Hernani sección 01004,4001004,14059.0,1398.0,891.0,0.6373390557939914,Q2
Hernani sección 01005,4001005,14175.0,1224.0,768.0,0.6274509803921569,Q2
Hernani sección 01006,4001006,12308.0,694.0,436.0,0.6282420749279539,Q1
Hernani sección 01007,4001007,12177.0,834.0,452.0,0.5419664268585132,Q1
Hernani sección 01008,4001008,11351.0,869.0,439.0,0.5051783659378596,Q1
Hernani sección 01009,4001009,13221.0,481.0,284.0,0.5904365904365905,Q2
Hernani sección 01010,4001010,14542.0,1460.0,886.0,0.6068493150684932,Q3
Hernani sección 01011,4001011,12392.0,704.0,457.0,0.6491477272727273,Q1
Hernani sección 01012,4001012,13673.0,762.0,482.0,0.6325459317585301,Q2
Hernani sección 01013,4001013,12906.0,1397.0,905.0,0.6478167501789549,Q1
Hernani sección 01014,4001014,12874.0,697.0,390.0,0.5595408895265424,Q1
Hernani sección 01015,4001015,15425.0,692.0,466.0,0.6734104046242775,Q3
Hernani sección 01016,4001016,14184.0,1586.0,991.0,0.6248423707440101,Q2
Hernialde sección 01001,4101001,14444.0,255.0,123.0,0.4823529411764706,Q3
Ibarra sección 01001,4201001,13336.0,1227.0,741.0,0.6039119804400978,Q2
Ibarra sección 01002,4201002,12450.0,1129.0,686.0,0.6076173604960142,Q1
Ibarra sección 01003,4201003,15310.0,872.0,540.0,0.6192660550458715,Q3
Idiazabal sección 01001,4301001,16933.0,1739.0,1090.0,0.6267970097757332,Q4
Ikaztegieta sección 01001,4401001,15444.0,367.0,236.0,0.6430517711171662,Q3
Irun sección 01001,4501001,14033.0,1755.0,1181.0,0.672934472934473,Q2
Irun sección 01002,4501002,12457.0,1207.0,809.0,0.6702568351284176,Q1
Irun sección 01003,4501003,14352.0,1612.0,1086.0,0.673697270471464,Q2
Irun sección 01004,4501004,13918.0,1113.0,786.0,0.706199460916442,Q2
Irun sección 02001,4502001,11440.0,1326.0,850.0,0.6410256410256411,Q1
Irun sección 02002,4502002,10423.0,1553.0,926.0,0.5962652929813265,Q1
Irun sección 02003,4502003,12002.0,759.0,451.0,0.5942028985507246,Q1
Irun sección 02004,4502004,11976.0,1627.0,1017.0,0.6250768285187461,Q1
Irun sección 02005,4502005,13887.0,1322.0,822.0,0.6217851739788199,Q2
Irun sección 02006,4502006,14376.0,1084.0,765.0,0.705719557195572,Q2
Irun sección 02007,4502007,11908.0,1066.0,732.0,0.6866791744840526,Q1
Irun sección 02008,4502008,11143.0,1509.0,971.0,0.6434724983432737,Q1
Irun sección 02009,4502009,13676.0,782.0,550.0,0.7033248081841432,Q2
Irun sección 02010,4502010,13755.0,1692.0,1188.0,0.7021276595744681,Q2
Irun sección 03001,4503001,16367.0,1468.0,1031.0,0.702316076294278,Q4
Irun sección 03002,4503002,9770.0,857.0,553.0,0.6452742123687282,Q1
Irun sección 03003,4503003,10237.0,852.0,531.0,0.6232394366197183,Q1
Irun sección 03004,4503004,9311.0,705.0,398.0,0.5645390070921986,Q1
Irun sección 03005,4503005,10447.0,1113.0,693.0,0.6226415094339622,Q1
Irun sección 03006,4503006,13709.0,1041.0,686.0,0.6589817483189241,Q2
Irun sección 03007,4503007,10253.0,1027.0,667.0,0.6494644595910418,Q1
Irun sección 03008,4503008,12464.0,923.0,592.0,0.6413867822318526,Q1
Irun sección 03009,4503009,12469.0,1023.0,683.0,0.667644183773216,Q1
Irun sección 03010,4503010,10981.0,1210.0,850.0,0.7024793388429752,Q1
Irun sección 03011,4503011,12881.0,825.0,570.0,0.6909090909090909,Q1
Irun sección 03012,4503012,11802.0,1144.0,758.0,0.6625874125874126,Q1
Irun sección 03013,4503013,11233.0,1381.0,893.0,0.6466328747284577,Q1
Irun sección 03014,4503014,11286.0,929.0,552.0,0.5941872981700753,Q1
Irun sección 03015,4503015,13608.0,1774.0,1208.0,0.6809470124013529,Q2
Irun sección 03016,4503016,9104.0,572.0,335.0,0.5856643356643356,Q1
Irun sección 03017,4503017,15227.0,1514.0,1010.0,0.667107001321004,Q3
Irun sección 03018,4503018,11553.0,779.0,544.0,0.6983311938382541,Q1
Irun sección 03019,4503019,16953.0,908.0,558.0,0.6145374449339207,Q4
Irun sección 04001,4504001,9804.0,496.0,429.0,0.8649193548387096,Q1
Irun sección 04002,4504002,10269.0,652.0,305.0,0.4677914110429448,Q1
Irun sección 04003,4504003,9952.0,1315.0,836.0,0.6357414448669202,Q1
Irun sección 04004,4504004,14726.0,947.0,650.0,0.6863780359028511,Q3
Irun sección 04005,4504005,11116.0,902.0,582.0,0.6452328159645233,Q1
Irun sección 04006,4504006,11685.0,1295.0,832.0,0.6424710424710425,Q1
Irun sección 04007,4504007,13070.0,726.0,445.0,0.6129476584022039,Q2
Irun sección 04008,4504008,13469.0,902.0,607.0,0.6729490022172949,Q2
Irun sección 04009,4504009,14888.0,939.0,593.0,0.6315228966986155,Q3
Irura sección 01001,4601001,13787.0,1223.0,739.0,0.6042518397383483,Q2
Itsasondo sección 01001,4701001,13262.0,469.0,307.0,0.6545842217484008,Q2
Larraul sección 01001,4801001,13075.0,182.0,100.0,0.5494505494505495,Q2
Lazkao sección 01001,4901001,15522.0,1518.0,1006.0,0.6627140974967062,Q3
Lazkao sección 01002,4901002,14437.0,1358.0,861.0,0.634020618556701,Q3
Lazkao sección 01003,4901003,15598.0,1246.0,810.0,0.6500802568218299,Q3
Leaburu sección 01001,5001001,13343.0,266.0,170.0,0.6390977443609023,Q2
Legazpi sección 01001,5101001,16355.0,1166.0,807.0,0.6921097770154374,Q3
Legazpi sección 01002,5101002,16285.0,1815.0,1268.0,0.6986225895316804,Q3
Legazpi sección 01003,5101003,14399.0,810.0,546.0,0.674074074074074,Q2
Legazpi sección 01004,5101004,15238.0,842.0,574.0,0.6817102137767221,Q3
Legazpi sección 01005,5101005,14046.0,987.0,651.0,0.6595744680851063,Q2
Legazpi sección 01006,5101006,15669.0,658.0,446.0,0.6778115501519757,Q3
Legazpi sección 01007,5101007,14687.0,599.0,407.0,0.679465776293823,Q3
Legorreta sección 01001,5201001,13802.0,1090.0,779.0,0.7146788990825688,Q2
Lezo sección 01001,5301001,13432.0,1565.0,1003.0,0.6408945686900959,Q2
Lezo sección 01002,5301002,13198.0,842.0,558.0,0.66270783847981,Q2
Lezo sección 01003,5301003,11995.0,1099.0,611.0,0.5559599636032757,Q1
Lezo sección 01004,5301004,13568.0,1268.0,801.0,0.6317034700315457,Q2
Lizartza sección 01001,5401001,13415.0,447.0,286.0,0.639821029082774,Q2
Arrasate/Mondragón sección 01001,5501001,15879.0,982.0,663.0,0.675152749490835,Q3
Arrasate/Mondragón sección 01002,5501002,17226.0,994.0,693.0,0.6971830985915493,Q4
Arrasate/Mondragón sección 01003,5501003,17353.0,783.0,513.0,0.6551724137931034,Q4
Arrasate/Mondragón sección 01004,5501004,18556.0,860.0,552.0,0.641860465116279,Q4
Arrasate/Mondragón sección 01005,5501005,22289.0,1341.0,955.0,0.7121551081282624,Q4
Arrasate/Mondragón sección 01006,5501006,15910.0,1590.0,1039.0,0.6534591194968553,Q3
Arrasate/Mondragón sección 02001,5502001,16419.0,1006.0,684.0,0.679920477137177,Q4
Arrasate/Mondragón sección 02002,5502002,13286.0,976.0,573.0,0.5870901639344263,Q2
Arrasate/Mondragón sección 02003,5502003,12375.0,819.0,484.0,0.590964590964591,Q1
Arrasate/Mondragón sección 02004,5502004,14364.0,1025.0,624.0,0.608780487804878,Q2
Arrasate/Mondragón sección 03001,5503001,15214.0,721.0,470.0,0.651872399445215,Q3
Arrasate/Mondragón sección 03002,5503002,15349.0,746.0,493.0,0.660857908847185,Q3
Arrasate/Mondragón sección 03003,5503003,13321.0,778.0,423.0,0.5437017994858612,Q2
Arrasate/Mondragón sección 04001,5504001,16860.0,1029.0,643.0,0.6248785228377065,Q4
Arrasate/Mondragón sección 04002,5504002,16106.0,1108.0,700.0,0.631768953068592,Q3
Arrasate/Mondragón sección 04003,5504003,15178.0,1193.0,726.0,0.6085498742665549,Q3
Arrasate/Mondragón sección 04004,5504004,19993.0,912.0,617.0,0.6765350877192983,Q4
Arrasate/Mondragón sección 05001,5505001,18957.0,612.0,221.0,0.3611111111111111,Q4
Mutriku sección 01001,5601001,15000.0,1028.0,675.0,0.6566147859922179,Q3
Mutriku sección 01002,5601002,13562.0,1273.0,872.0,0.6849960722702279,Q2
Mutriku sección 01003,5601003,13200.0,1159.0,713.0,0.6151855047454702,Q2
Mutriku sección 02001,5602001,12263.0,622.0,329.0,0.5289389067524116,Q1
Mutiloa sección 01001,5701001,16823.0,196.0,122.0,0.6224489795918368,Q4
Olaberria sección 01001,5801001,15759.0,755.0,529.0,0.7006622516556291,Q3
Oñati sección 01001,5901001,19342.0,984.0,687.0,0.698170731707317,Q4
Oñati sección 01002,5901002,17648.0,786.0,549.0,0.6984732824427481,Q4
Oñati sección 01003,5901003,17262.0,927.0,620.0,0.668824163969795,Q4
Oñati sección 01004,5901004,16125.0,868.0,598.0,0.6889400921658986,Q3
Oñati sección 01005,5901005,17062.0,998.0,657.0,0.6583166332665331,Q4
Oñati sección 01006,5901006,18984.0,1661.0,1105.0,0.6652618904274533,Q4
Oñati sección 01007,5901007,16806.0,1190.0,780.0,0.6554621848739496,Q4
Oñati sección 02001,5902001,17706.0,1460.0,877.0,0.6006849315068493,Q4
Orexa sección 01001,6001001,13490.0,88.0,67.0,0.7613636363636364,Q2
Orio sección 01001,6101001,14660.0,1289.0,789.0,0.6121024049650892,Q3
Orio sección 01002,6101002,13652.0,1093.0,695.0,0.6358645928636779,Q2
Orio sección 01003,6101003,14729.0,1891.0,1117.0,0.5906927551560022,Q3
Ormaiztegi sección 01001,6201001,16989.0,973.0,653.0,0.671120246659815,Q4
Oiartzun sección 01001,6301001,16026.0,1447.0,1013.0,0.7000691085003455,Q3
Oiartzun sección 01002,6301002,13219.0,863.0,572.0,0.6628041714947857,Q2
Oiartzun sección 01003,6301003,14267.0,1117.0,726.0,0.6499552372426142,Q2
Oiartzun sección 01004,6301004,13064.0,1464.0,926.0,0.6325136612021858,Q2
Oiartzun sección 01005,6301005,12461.0,840.0,511.0,0.6083333333333333,Q1
Oiartzun sección 01006,6301006,15298.0,1004.0,653.0,0.650398406374502,Q3
Oiartzun sección 01007,6301007,15032.0,1282.0,862.0,0.672386895475819,Q3
Pasaia sección 01001,6401001,13672.0,680.0,432.0,0.6352941176470588,Q2
Pasaia sección 01002,6401002,12590.0,1089.0,648.0,0.5950413223140496,Q1
Pasaia sección 02001,6402001,15533.0,619.0,388.0,0.6268174474959612,Q3
Pasaia sección 02002,6402002,11918.0,532.0,342.0,0.6428571428571429,Q1
Pasaia sección 02003,6402003,10788.0,563.0,357.0,0.6341030195381883,Q1
Pasaia sección 02009,6402009,14146.0,599.0,374.0,0.6243739565943238,Q2
Pasaia sección 03001,6403001,11782.0,1319.0,853.0,0.6467020470053071,Q1
Pasaia sección 03002,6403002,13159.0,1404.0,913.0,0.6502849002849003,Q2
Pasaia sección 03003,6403003,12527.0,1168.0,764.0,0.6541095890410958,Q1
Pasaia sección 04001,6404001,11641.0,860.0,549.0,0.6383720930232558,Q1
Pasaia sección 04002,6404002,11563.0,955.0,588.0,0.6157068062827226,Q1
Pasaia sección 04003,6404003,11281.0,598.0,369.0,0.617056856187291,Q1
Pasaia sección 04004,6404004,11269.0,1220.0,735.0,0.6024590163934426,Q1
Pasaia sección 04005,6404005,10778.0,897.0,491.0,0.5473801560758083,Q1
Soraluze-Placencia de las Armas sección 01001,6501001,14580.0,1030.0,689.0,0.6689320388349514,Q3
Soraluze-Placencia de las Armas sección 01002,6501002,12783.0,831.0,570.0,0.6859205776173285,Q1
Soraluze-Placencia de las Armas sección 02001,6502001,13508.0,1151.0,726.0,0.630755864465682,Q2
Errezil sección 01001,6601001,12270.0,454.0,236.0,0.5198237885462555,Q1
Errenteria sección 01001,6701001,12978.0,508.0,328.0,0.6456692913385826,Q1
Errenteria sección 01002,6701002,13443.0,1209.0,859.0,0.7105045492142267,Q2
Errenteria sección 01003,6701003,12853.0,688.0,468.0,0.6802325581395349,Q1
Errenteria sección 01004,6701004,12838.0,1723.0,1098.0,0.6372605919907138,Q1
Errenteria sección 01005,6701005,13142.0,1144.0,742.0,0.6486013986013986,Q2
Errenteria sección 01006,6701006,14874.0,1625.0,1104.0,0.6793846153846154,Q3
Errenteria sección 01007,6701007,10848.0,757.0,482.0,0.6367239101717305,Q1
Errenteria sección 01008,6701008,10388.0,687.0,404.0,0.5880640465793304,Q1
Errenteria sección 01009,6701009,13678.0,1240.0,790.0,0.6370967741935484,Q2
Errenteria sección 01010,6701010,12598.0,545.0,379.0,0.6954128440366972,Q1
Errenteria sección 01013,6701013,11662.0,739.0,475.0,0.6427604871447903,Q1
Errenteria sección 01014,6701014,11641.0,946.0,572.0,0.6046511627906976,Q1
Errenteria sección 01015,6701015,10684.0,852.0,516.0,0.6056338028169014,Q1
Errenteria sección 01016,6701016,10848.0,557.0,348.0,0.6247755834829444,Q1
Errenteria sección 01017,6701017,12243.0,696.0,432.0,0.6206896551724138,Q1
Errenteria sección 01018,6701018,14537.0,623.0,331.0,0.5313001605136437,Q3
Errenteria sección 01019,6701019,12601.0,1620.0,1021.0,0.6302469135802469,Q1
Errenteria sección 01020,6701020,13505.0,945.0,637.0,0.674074074074074,Q2
Errenteria sección 01022,6701022,13156.0,1321.0,880.0,0.6661619984859954,Q2
Errenteria sección 01023,6701023,12196.0,1009.0,632.0,0.626362735381566,Q1
Errenteria sección 01024,6701024,11475.0,1000.0,648.0,0.648,Q1
Errenteria sección 01025,6701025,12115.0,1023.0,639.0,0.624633431085044,Q1
Errenteria sección 01026,6701026,11656.0,1260.0,773.0,0.6134920634920635,Q1
Errenteria sección 01027,6701027,11498.0,1361.0,908.0,0.6671565025716385,Q1
Errenteria sección 01028,6701028,11179.0,1462.0,888.0,0.6073871409028728,Q1
Errenteria sección 01029,6701029,11674.0,1393.0,911.0,0.6539842067480258,Q1
Errenteria sección 01030,6701030,14776.0,869.0,605.0,0.6962025316455697,Q3
Errenteria sección 01032,6701032,10929.0,578.0,398.0,0.6885813148788927,Q1
Errenteria sección 01034,6701034,11992.0,576.0,377.0,0.6545138888888888,Q1
Errenteria sección 01035,6701035,14475.0,633.0,436.0,0.688783570300158,Q3
Errenteria sección 01036,6701036,14308.0,1239.0,903.0,0.7288135593220338,Q2
Leintz-Gatzaga sección 01001,6801001,17297.0,190.0,135.0,0.7105263157894737,Q4
Donostia/San Sebastián sección 01001,6901001,15287.0,564.0,369.0,0.6542553191489362,Q3
Donostia/San Sebastián sección 01002,6901002,21944.0,665.0,440.0,0.6616541353383458,Q4
Donostia/San Sebastián sección 01003,6901003,14445.0,1073.0,693.0,0.6458527493010252,Q3
Donostia/San Sebastián sección 01005,6901005,20390.0,781.0,550.0,0.704225352112676,Q4
Donostia/San Sebastián sección 01006,6901006,22571.0,870.0,609.0,0.7,Q4
Donostia/San Sebastián sección 01007,6901007,14924.0,606.0,398.0,0.6567656765676567,Q3
Donostia/San Sebastián sección 02001,6902001,24104.0,832.0,615.0,0.7391826923076923,Q4
Donostia/San Sebastián sección 02002,6902002,26175.0,1205.0,896.0,0.7435684647302905,Q4
Donostia/San Sebastián sección 02004,6902004,24336.0,960.0,697.0,0.7260416666666667,Q4
Donostia/San Sebastián sección 02005,6902005,19325.0,664.0,474.0,0.713855421686747,Q4
Donostia/San Sebastián sección 02006,6902006,22625.0,913.0,647.0,0.7086527929901424,Q4
Donostia/San Sebastián sección 02007,6902007,25923.0,887.0,647.0,0.7294250281848929,Q4
Donostia/San Sebastián sección 02008,6902008,24228.0,853.0,596.0,0.6987104337631888,Q4
Donostia/San Sebastián sección 02009,6902009,20045.0,740.0,537.0,0.7256756756756757,Q4
Donostia/San Sebastián sección 03001,6903001,23554.0,754.0,556.0,0.7374005305039788,Q4
Donostia/San Sebastián sección 03002,6903002,29364.0,746.0,531.0,0.7117962466487936,Q4
Donostia/San Sebastián sección 03003,6903003,18722.0,767.0,572.0,0.7457627118644068,Q4
Donostia/San Sebastián sección 03004,6903004,19363.0,849.0,622.0,0.7326266195524146,Q4
Donostia/San Sebastián sección 03005,6903005,15525.0,934.0,621.0,0.6648822269807281,Q3
Donostia/San Sebastián sección 03006,6903006,12690.0,624.0,405.0,0.6490384615384616,Q1
Donostia/San Sebastián sección 03007,6903007,15819.0,547.0,395.0,0.7221206581352834,Q3
Donostia/San Sebastián sección 03008,6903008,17863.0,628.0,452.0,0.7197452229299363,Q4
Donostia/San Sebastián sección 03009,6903009,17135.0,811.0,560.0,0.6905055487053021,Q4
Donostia/San Sebastián sección 03010,6903010,20657.0,856.0,628.0,0.7336448598130841,Q4
Donostia/San Sebastián sección 03011,6903011,17730.0,996.0,695.0,0.6977911646586346,Q4
Donostia/San Sebastián sección 03012,6903012,20879.0,1177.0,857.0,0.7281223449447749,Q4
Donostia/San Sebastián sección 03013,6903013,14077.0,921.0,634.0,0.6883821932681867,Q2
Donostia/San Sebastián sección 03014,6903014,16117.0,690.0,475.0,0.6884057971014492,Q3
Donostia/San Sebastián sección 03015,6903015,16192.0,831.0,589.0,0.7087845968712395,Q3
Donostia/San Sebastián sección 03016,6903016,17665.0,861.0,640.0,0.743321718931475,Q4
Donostia/San Sebastián sección 03017,6903017,15564.0,1205.0,886.0,0.7352697095435685,Q3
Donostia/San Sebastián sección 03018,6903018,15459.0,1304.0,922.0,0.7070552147239264,Q3
Donostia/San Sebastián sección 03019,6903019,18081.0,1758.0,1304.0,0.7417519908987485,Q4
Donostia/San Sebastián sección 03020,6903020,15512.0,1954.0,1181.0,0.6044012282497441,Q3
Donostia/San Sebastián sección 03021,6903021,12365.0,1373.0,941.0,0.685360524399126,Q1
Donostia/San Sebastián sección 03022,6903022,14578.0,616.0,446.0,0.724025974025974,Q3
Donostia/San Sebastián sección 03024,6903024,17857.0,1103.0,743.0,0.6736174070716229,Q4
Donostia/San Sebastián sección 03025,6903025,19459.0,1773.0,1273.0,0.7179921037789058,Q4
Donostia/San Sebastián sección 03026,6903026,16995.0,872.0,633.0,0.7259174311926605,Q4
Donostia/San Sebastián sección 03027,6903027,16554.0,1243.0,899.0,0.7232502011263073,Q4
Donostia/San Sebastián sección 03028,6903028,14270.0,759.0,519.0,0.6837944664031621,Q2
Donostia/San Sebastián sección 03029,6903029,18067.0,656.0,490.0,0.7469512195121951,Q4
Donostia/San Sebastián sección 03030,6903030,18785.0,1202.0,876.0,0.7287853577371048,Q4
Donostia/San Sebastián sección 03031,6903031,18005.0,1805.0,1265.0,0.7008310249307479,Q4
Donostia/San Sebastián sección 03032,6903032,17414.0,1379.0,1024.0,0.7425670775924583,Q4
Donostia/San Sebastián sección 04001,6904001,22352.0,1041.0,724.0,0.6954851104707013,Q4
Donostia/San Sebastián sección 04002,6904002,20991.0,848.0,598.0,0.7051886792452831,Q4
Donostia/San Sebastián sección 04003,6904003,18042.0,836.0,603.0,0.7212918660287081,Q4
Donostia/San Sebastián sección 04004,6904004,18834.0,844.0,623.0,0.7381516587677726,Q4
Donostia/San Sebastián sección 04005,6904005,19101.0,645.0,441.0,0.6837209302325581,Q4
Donostia/San Sebastián sección 04006,6904006,19029.0,768.0,518.0,0.6744791666666666,Q4
Donostia/San Sebastián sección 04007,6904007,16045.0,1427.0,967.0,0.677645409950946,Q3
Donostia/San Sebastián sección 04008,6904008,14770.0,1289.0,800.0,0.6206361520558572,Q3
Donostia/San Sebastián sección 04009,6904009,14512.0,888.0,537.0,0.6047297297297297,Q3
Donostia/San Sebastián sección 04010,6904010,14778.0,1446.0,1022.0,0.706777316735823,Q3
Donostia/San Sebastián sección 04011,6904011,15342.0,865.0,588.0,0.6797687861271676,Q3
Donostia/San Sebastián sección 04012,6904012,15069.0,1068.0,708.0,0.6629213483146067,Q3
Donostia/San Sebastián sección 04013,6904013,15846.0,1199.0,831.0,0.6930775646371977,Q3
Donostia/San Sebastián sección 04014,6904014,15303.0,1272.0,766.0,0.6022012578616353,Q3
Donostia/San Sebastián sección 04015,6904015,12263.0,974.0,589.0,0.6047227926078029,Q1
Donostia/San Sebastián sección 04016,6904016,13262.0,650.0,432.0,0.6646153846153846,Q2
Donostia/San Sebastián sección 04017,6904017,13570.0,1042.0,645.0,0.6190019193857965,Q2
Donostia/San Sebastián sección 04018,6904018,14205.0,1133.0,757.0,0.6681376875551632,Q2
Donostia/San Sebastián sección 04019,6904019,16913.0,697.0,484.0,0.6944045911047346,Q4
Donostia/San Sebastián sección 04020,6904020,10785.0,842.0,472.0,0.5605700712589073,Q1
Donostia/San Sebastián sección 05001,6905001,20486.0,869.0,627.0,0.7215189873417721,Q4
Donostia/San Sebastián sección 05002,6905002,16280.0,1089.0,768.0,0.7052341597796143,Q3
Donostia/San Sebastián sección 05003,6905003,15924.0,821.0,583.0,0.7101096224116931,Q3
Donostia/San Sebastián sección 05004,6905004,16404.0,770.0,503.0,0.6532467532467533,Q4
Donostia/San Sebastián sección 05005,6905005,18290.0,1016.0,681.0,0.6702755905511811,Q4
Donostia/San Sebastián sección 05006,6905006,17954.0,755.0,504.0,0.6675496688741722,Q4
Donostia/San Sebastián sección 05007,6905007,16219.0,643.0,403.0,0.6267496111975117,Q3
Donostia/San Sebastián sección 05008,6905008,16801.0,1389.0,976.0,0.7026637868970482,Q4
Donostia/San Sebastián sección 05009,6905009,19240.0,933.0,686.0,0.7352625937834941,Q4
Donostia/San Sebastián sección 05010,6905010,20830.0,911.0,647.0,0.7102085620197585,Q4
Donostia/San Sebastián sección 05011,6905011,18609.0,575.0,391.0,0.68,Q4
Donostia/San Sebastián sección 05012,6905012,18992.0,1503.0,1045.0,0.6952761144377911,Q4
Donostia/San Sebastián sección 05013,6905013,17331.0,1005.0,660.0,0.6567164179104478,Q4
Donostia/San Sebastián sección 05014,6905014,18449.0,1394.0,964.0,0.6915351506456241,Q4
Donostia/San Sebastián sección 06001,6906001,29364.0,838.0,609.0,0.7267303102625299,Q4
Donostia/San Sebastián sección 06002,6906002,23660.0,1066.0,764.0,0.7166979362101313,Q4
Donostia/San Sebastián sección 06003,6906003,14620.0,1033.0,694.0,0.6718296224588577,Q3
Donostia/San Sebastián sección 06004,6906004,16244.0,1563.0,1091.0,0.6980166346769033,Q3
Donostia/San Sebastián sección 06005,6906005,16363.0,1330.0,950.0,0.7142857142857143,Q4
Donostia/San Sebastián sección 06006,6906006,18033.0,948.0,654.0,0.689873417721519,Q4
Donostia/San Sebastián sección 06007,6906007,29364.0,1684.0,1230.0,0.7304038004750594,Q4
Donostia/San Sebastián sección 06008,6906008,13417.0,1186.0,841.0,0.709106239460371,Q2
Donostia/San Sebastián sección 06009,6906009,26264.0,629.0,392.0,0.6232114467408585,Q4
Donostia/San Sebastián sección 06010,6906010,18406.0,1002.0,682.0,0.6806387225548902,Q4
Donostia/San Sebastián sección 06011,6906011,29364.0,974.0,743.0,0.7628336755646817,Q4
Donostia/San Sebastián sección 06012,6906012,15341.0,1399.0,946.0,0.6761972837741244,Q3
Donostia/San Sebastián sección 06013,6906013,15809.0,696.0,486.0,0.6982758620689655,Q3
Donostia/San Sebastián sección 06014,6906014,22419.0,1413.0,1036.0,0.7331917905166313,Q4
Donostia/San Sebastián sección 06015,6906015,15802.0,835.0,572.0,0.6850299401197605,Q3
Donostia/San Sebastián sección 06016,6906016,17878.0,1743.0,1206.0,0.6919104991394148,Q4
Donostia/San Sebastián sección 06017,6906017,22738.0,884.0,656.0,0.7420814479638009,Q4
Donostia/San Sebastián sección 06018,6906018,26391.0,1529.0,1160.0,0.7586657946370177,Q4
Donostia/San Sebastián sección 06019,6906019,16874.0,1390.0,983.0,0.7071942446043166,Q4
Donostia/San Sebastián sección 06020,6906020,24084.0,875.0,632.0,0.7222857142857143,Q4
Donostia/San Sebastián sección 06021,6906021,20550.0,1421.0,1037.0,0.7297677691766362,Q4
Donostia/San Sebastián sección 06022,6906022,18343.0,1239.0,920.0,0.7425343018563357,Q4
Donostia/San Sebastián sección 06023,6906023,14973.0,1279.0,855.0,0.6684910086004691,Q3
Donostia/San Sebastián sección 06024,6906024,24833.0,1457.0,1062.0,0.728894989704873,Q4
Donostia/San Sebastián sección 06025,6906025,16409.0,1791.0,1184.0,0.6610831937465104,Q4
Donostia/San Sebastián sección 06026,6906026,22857.0,1332.0,980.0,0.7357357357357357,Q4
Donostia/San Sebastián sección 06027,6906027,26382.0,707.0,498.0,0.7043847241867044,Q4
Donostia/San Sebastián sección 06028,6906028,17108.0,1136.0,793.0,0.6980633802816901,Q4
Donostia/San Sebastián sección 06029,6906029,15995.0,1154.0,793.0,0.6871750433275563,Q3
Donostia/San Sebastián sección 06030,6906030,16883.0,1180.0,817.0,0.6923728813559322,Q4
Donostia/San Sebastián sección 07001,6907001,12142.0,1481.0,997.0,0.6731937879810939,Q1
Donostia/San Sebastián sección 07002,6907002,12908.0,1358.0,920.0,0.6774668630338734,Q1
Donostia/San Sebastián sección 07003,6907003,18477.0,1089.0,744.0,0.6831955922865014,Q4
Donostia/San Sebastián sección 07004,6907004,12652.0,664.0,406.0,0.6114457831325302,Q1
Donostia/San Sebastián sección 07005,6907005,12240.0,1015.0,627.0,0.6177339901477833,Q1
Donostia/San Sebastián sección 07006,6907006,14401.0,1018.0,708.0,0.6954813359528488,Q2
Donostia/San Sebastián sección 07007,6907007,15673.0,1162.0,748.0,0.6437177280550774,Q3
Donostia/San Sebastián sección 07008,6907008,12558.0,666.0,431.0,0.6471471471471472,Q1
Donostia/San Sebastián sección 07009,6907009,13541.0,585.0,340.0,0.5811965811965812,Q2
Donostia/San Sebastián sección 07010,6907010,16862.0,915.0,646.0,0.7060109289617487,Q4
Donostia/San Sebastián sección 07011,6907011,11566.0,793.0,510.0,0.6431273644388399,Q1
Donostia/San Sebastián sección 07012,6907012,11592.0,716.0,426.0,0.5949720670391061,Q1
Donostia/San Sebastián sección 07013,6907013,13855.0,826.0,549.0,0.6646489104116223,Q2
Donostia/San Sebastián sección 07014,6907014,11971.0,1131.0,665.0,0.5879752431476569,Q1
Donostia/San Sebastián sección 07015,6907015,13970.0,1411.0,969.0,0.6867469879518072,Q2
Donostia/San Sebastián sección 07016,6907016,11842.0,770.0,475.0,0.6168831168831169,Q1
Donostia/San Sebastián sección 07017,6907017,12173.0,1015.0,627.0,0.6177339901477833,Q1
Donostia/San Sebastián sección 07018,6907018,12532.0,1837.0,1133.0,0.6167664670658682,Q1
Donostia/San Sebastián sección 07019,6907019,10725.0,831.0,526.0,0.6329723225030084,Q1
Donostia/San Sebastián sección 07020,6907020,12546.0,1524.0,937.0,0.6148293963254593,Q1
Donostia/San Sebastián sección 07021,6907021,10884.0,534.0,333.0,0.6235955056179775,Q1
Donostia/San Sebastián sección 07022,6907022,11423.0,780.0,541.0,0.6935897435897436,Q1
Donostia/San Sebastián sección 07023,6907023,11681.0,1068.0,602.0,0.5636704119850188,Q1
Donostia/San Sebastián sección 07024,6907024,11676.0,1332.0,824.0,0.6186186186186187,Q1
Donostia/San Sebastián sección 07025,6907025,10832.0,520.0,312.0,0.6,Q1
Donostia/San Sebastián sección 07026,6907026,12903.0,634.0,398.0,0.6277602523659306,Q1
Donostia/San Sebastián sección 07027,6907027,12680.0,1710.0,1105.0,0.6461988304093568,Q1
Donostia/San Sebastián sección 07028,6907028,12733.0,926.0,615.0,0.6641468682505399,Q1
Donostia/San Sebastián sección 07030,6907030,12162.0,1148.0,721.0,0.6280487804878049,Q1
Donostia/San Sebastián sección 07031,6907031,14244.0,1546.0,1079.0,0.6979301423027167,Q2
Donostia/San Sebastián sección 07032,6907032,12244.0,757.0,455.0,0.6010568031704095,Q1
Donostia/San Sebastián sección 07033,6907033,13995.0,1675.0,1121.0,0.6692537313432836,Q2
Donostia/San Sebastián sección 07034,6907034,14497.0,842.0,590.0,0.7007125890736342,Q3
Segura sección 01001,7001001,16254.0,1092.0,748.0,0.684981684981685,Q3
Tolosa sección 01001,7101001,13590.0,551.0,341.0,0.6188747731397459,Q2
Tolosa sección 01002,7101002,12174.0,536.0,307.0,0.5727611940298507,Q1
Tolosa sección 01003,7101003,12966.0,834.0,524.0,0.6282973621103117,Q1
Tolosa sección 01004,7101004,13708.0,1236.0,764.0,0.6181229773462783,Q2
Tolosa sección 02001,7102001,16534.0,840.0,568.0,0.6761904761904762,Q4
Tolosa sección 02002,7102002,17820.0,1447.0,949.0,0.6558396682791984,Q4
Tolosa sección 02003,7102003,12924.0,780.0,450.0,0.5769230769230769,Q1
Tolosa sección 02004,7102004,16791.0,925.0,623.0,0.6735135135135135,Q4
Tolosa sección 02005,7102005,18802.0,897.0,631.0,0.7034559643255296,Q4
Tolosa sección 03001,7103001,16364.0,1880.0,1180.0,0.6276595744680851,Q4
Tolosa sección 03002,7103002,13198.0,1065.0,688.0,0.6460093896713615,Q2
Tolosa sección 03003,7103003,16072.0,1565.0,1035.0,0.6613418530351438,Q3
Tolosa sección 04001,7104001,15491.0,1102.0,677.0,0.6143375680580763,Q3
Tolosa sección 04002,7104002,16085.0,1143.0,729.0,0.6377952755905512,Q3
Urnieta sección 01001,7201001,12898.0,949.0,583.0,0.6143308746048473,Q1
Urnieta sección 01002,7201002,12444.0,1055.0,620.0,0.5876777251184834,Q1
Urnieta sección 01003,7201003,13640.0,1571.0,944.0,0.6008911521323997,Q2
Urnieta sección 01004,7201004,13576.0,1153.0,755.0,0.6548135299219427,Q2
Usurbil sección 01001,7301001,14272.0,1667.0,1111.0,0.6664667066586683,Q2
Usurbil sección 01002,7301002,13069.0,861.0,509.0,0.5911730545876888,Q2
Usurbil sección 01003,7301003,14017.0,1556.0,992.0,0.6375321336760925,Q2
Usurbil sección 01004,7301004,15845.0,593.0,402.0,0.6779089376053963,Q3
Bergara sección 01001,7401001,16357.0,1319.0,884.0,0.6702047005307051,Q3
Bergara sección 01002,7401002,16767.0,1544.0,1108.0,0.7176165803108808,Q4
Bergara sección 01003,7401003,15887.0,625.0,449.0,0.7184,Q3
Bergara sección 01004,7401004,14981.0,748.0,494.0,0.660427807486631,Q3
Bergara sección 01005,7401005,20045.0,1425.0,1051.0,0.7375438596491228,Q4
Bergara sección 02001,7402001,15734.0,724.0,506.0,0.6988950276243094,Q3
Bergara sección 02002,7402002,14888.0,632.0,435.0,0.6882911392405063,Q3
Bergara sección 02003,7402003,14910.0,1868.0,1229.0,0.6579229122055674,Q3
Bergara sección 03001,7403001,15660.0,1125.0,731.0,0.6497777777777778,Q3
Bergara sección 03002,7403002,13164.0,779.0,520.0,0.6675224646983312,Q2
Bergara sección 03003,7403003,16525.0,803.0,547.0,0.6811955168119551,Q4
Villabona sección 01001,7501001,13025.0,1674.0,1047.0,0.6254480286738351,Q2
Villabona sección 01002,7501002,12601.0,1301.0,809.0,0.6218293620292084,Q1
Villabona sección 01003,7501003,14406.0,1396.0,836.0,0.5988538681948424,Q2
Ordizia sección 01001,7601001,13562.0,777.0,559.0,0.7194337194337195,Q2
Ordizia sección 01002,7601002,12744.0,750.0,477.0,0.636,Q1
Ordizia sección 01003,7601003,14789.0,971.0,640.0,0.659114315139032,Q3
Ordizia sección 01004,7601004,17381.0,840.0,576.0,0.6857142857142857,Q4
Ordizia sección 01005,7601005,14314.0,1209.0,802.0,0.663358147229115,Q2
Ordizia sección 01006,7601006,12400.0,1237.0,760.0,0.6143896523848019,Q1
Ordizia sección 01008,7601008,18089.0,1206.0,852.0,0.7064676616915423,Q4
Urretxu sección 01001,7701001,14943.0,653.0,444.0,0.6799387442572741,Q3
Urretxu sección 01002,7701002,13739.0,1133.0,788.0,0.6954986760812003,Q2
Urretxu sección 01003,7701003,16008.0,901.0,635.0,0.704772475027747,Q3
Urretxu sección 01004,7701004,17729.0,694.0,488.0,0.7031700288184438,Q4
Urretxu sección 01005,7701005,14541.0,753.0,497.0,0.6600265604249668,Q3
Urretxu sección 01006,7701006,15490.0,1079.0,762.0,0.706209453197405,Q3
Zaldibia sección 01001,7801001,15299.0,1155.0,850.0,0.7359307359307359,Q3
Zarautz sección 01001,7901001,14105.0,1549.0,1027.0,0.6630083925112976,Q2
Zarautz sección 01002,7901002,15183.0,987.0,653.0,0.6616008105369807,Q3
Zarautz sección 01003,7901003,14901.0,988.0,639.0,0.6467611336032388,Q3
Zarautz sección 02001,7902001,23438.0,1255.0,886.0,0.7059760956175298,Q4
Zarautz sección 02002,7902002,19066.0,1424.0,1028.0,0.7219101123595506,Q4
Zarautz sección 02003,7902003,13136.0,1527.0,991.0,0.6489849377865095,Q2
Zarautz sección 02004,7902004,12598.0,1378.0,849.0,0.6161103047895501,Q1
Zarautz sección 02005,7902005,13783.0,1245.0,813.0,0.653012048192771,Q2
Zarautz sección 02006,7902006,12852.0,1412.0,920.0,0.6515580736543909,Q1
Zarautz sección 02007,7902007,14361.0,1294.0,816.0,0.6306027820710973,Q2
Zarautz sección 02008,7902008,17297.0,1520.0,994.0,0.6539473684210526,Q4
Zarautz sección 02009,7902009,14338.0,1347.0,849.0,0.6302895322939867,Q2
Zarautz sección 02010,7902010,17367.0,1053.0,763.0,0.724596391263058,Q4
Zarautz sección 02011,7902011,14812.0,907.0,632.0,0.6968026460859978,Q3
Zumarraga sección 01001,8001001,15701.0,878.0,616.0,0.7015945330296127,Q3
Zumarraga sección 01002,8001002,15755.0,1316.0,888.0,0.6747720364741642,Q3
Zumarraga sección 01003,8001003,15327.0,626.0,423.0,0.6757188498402555,Q3
Zumarraga sección 01004,8001004,15285.0,604.0,406.0,0.6721854304635762,Q3
Zumarraga sección 01005,8001005,13901.0,1949.0,1296.0,0.6649563878912262,Q2
Zumarraga sección 01006,8001006,13569.0,1226.0,842.0,0.6867862969004894,Q2
Zumarraga sección 01007,8001007,16326.0,517.0,298.0,0.5764023210831721,Q3
Zumarraga sección 01008,8001008,14415.0,794.0,525.0,0.6612090680100756,Q2
Zumaia sección 01001,8101001,17229.0,1793.0,1227.0,0.6843279419966537,Q4
Zumaia sección 01002,8101002,14549.0,1269.0,827.0,0.6516942474389283,Q3
Zumaia sección 01003,8101003,14195.0,1704.0,1105.0,0.6484741784037559,Q2
Zumaia sección 01004,8101004,13259.0,999.0,633.0,0.6336336336336337,Q2
Zumaia sección 01005,8101005,15437.0,812.0,522.0,0.6428571428571429,Q3
Zumaia sección 01006,8101006,12758.0,893.0,542.0,0.606942889137738,Q1
Mendaro sección 01001,90101001,13817.0,1437.0,908.0,0.6318719554627696,Q2
Lasarte-Oria sección 01001,90201001,15196.0,1150.0,818.0,0.711304347826087,Q3
Lasarte-Oria sección 01002,90201002,12985.0,1145.0,792.0,0.6917030567685589,Q1
Lasarte-Oria sección 01003,90201003,12645.0,1224.0,864.0,0.7058823529411765,Q1
Lasarte-Oria sección 01004,90201004,12550.0,1038.0,693.0,0.6676300578034682,Q1
Lasarte-Oria sección 01005,90201005,15750.0,563.0,392.0,0.6962699822380106,Q3
Lasarte-Oria sección 01006,90201006,12234.0,1208.0,767.0,0.6349337748344371,Q1
Lasarte-Oria sección 01007,90201007,13217.0,907.0,642.0,0.7078280044101434,Q2
Lasarte-Oria sección 01008,90201008,12509.0,903.0,617.0,0.6832779623477298,Q1
Lasarte-Oria sección 01009,90201009,13634.0,1868.0,1258.0,0.6734475374732334,Q2
Lasarte-Oria sección 01010,90201010,11856.0,702.0,465.0,0.6623931623931624,Q1
Lasarte-Oria sección 01011,90201011,13027.0,1495.0,1009.0,0.6749163879598662,Q2
Lasarte-Oria sección 01012,90201012,12664.0,848.0,555.0,0.6544811320754716,Q1
Lasarte-Oria sección 01013,90201013,14803.0,1105.0,792.0,0.7167420814479638,Q3
Astigarraga sección 01001,90301001,14707.0,1416.0,935.0,0.6603107344632768,Q3
Astigarraga sección 01002,90301002,14353.0,1195.0,724.0,0.605857740585774,Q2
Astigarraga sección 01003,90301003,13523.0,1719.0,1097.0,0.6381617219313555,Q2
Baliarrain sección 01001,90401001,13470.0,95.0,44.0,0.4631578947368421,Q2
Orendain sección 01001,90501001,14906.0,145.0,100.0,0.6896551724137931,Q3
Altzaga sección 01001,90601001,13192.0,119.0,87.0,0.7310924369747899,Q2
Gaztelu sección 01001,90701001,13014.0,118.0,85.0,0.7203389830508474,Q1
,999090000,15063.734806629835,5723.0,2768.0,0.4836624148174034,Q3
