Nombre Sección,Sección,Total,censo,votos_total,Participación
Abaltzisketa sección 01001,00101001,17166.0,253.0,163.0,0.6442687747035574
Aduna sección 01001,00201001,16825.0,359.0,234.0,0.6518105849582173
Aizarnazabal sección 01001,00301001,14763.0,549.0,360.0,0.6557377049180327
Albiztur sección 01001,00401001,16659.0,230.0,133.0,0.5782608695652174
Alegia sección 01001,00501001,14319.0,1274.0,822.0,0.6452119309262166
Alkiza sección 01001,00601001,14461.0,261.0,154.0,0.5900383141762452
Altzo sección 01001,00701001,15942.0,337.0,223.0,0.6617210682492581
Amezketa sección 01001,00801001,16971.0,713.0,424.0,0.5946704067321178
Andoain sección 01001,00901001,14096.0,1019.0,679.0,0.6663395485770363
Andoain sección 01002,00901002,15164.0,1317.0,941.0,0.7145026575550494
Andoain sección 01003,00901003,14533.0,1576.0,988.0,0.6269035532994924
Andoain sección 01004,00901004,14942.0,770.0,471.0,0.6116883116883117
Andoain sección 01005,00901005,14006.0,914.0,620.0,0.6783369803063457
Andoain sección 01006,00901006,13430.0,888.0,571.0,0.6430180180180181
Andoain sección 01007,00901007,14863.0,956.0,646.0,0.6757322175732218
Andoain sección 01008,00901008,14930.0,913.0,565.0,0.6188389923329682
Andoain sección 01009,00901009,16222.0,883.0,530.0,0.6002265005662514
Andoain sección 01010,00901010,14496.0,983.0,634.0,0.6449643947100712
Andoain sección 01011,00901011,14756.0,1150.0,757.0,0.6582608695652173
Anoeta sección 01001,01001001,14709.0,1524.0,1057.0,0.6935695538057742
Antzuola sección 01001,01101001,18089.0,1624.0,1234.0,0.7598522167487685
Arama sección 01001,01201001,18587.0,149.0,104.0,0.697986577181208
Aretxabaleta sección 01001,01301001,15832.0,1111.0,782.0,0.7038703870387039
Aretxabaleta sección 01002,01301002,17499.0,1556.0,1128.0,0.7249357326478149
Aretxabaleta sección 01003,01301003,16827.0,1547.0,1091.0,0.7052359405300582
Aretxabaleta sección 01004,01301004,19378.0,1219.0,905.0,0.7424118129614438
Asteasu sección 01001,01401001,15322.0,1161.0,699.0,0.6020671834625323
Ataun sección 01001,01501001,16046.0,1245.0,880.0,0.7068273092369478
Aia sección 01001,01601001,14390.0,850.0,462.0,0.5435294117647059
Aia sección 01002,01601002,14653.0,679.0,425.0,0.625920471281296
Azkoitia sección 01001,01701001,13215.0,1142.0,736.0,0.6444833625218914
Azkoitia sección 01002,01701002,14033.0,722.0,480.0,0.6648199445983379
Azkoitia sección 02001,01702001,15742.0,764.0,536.0,0.7015706806282722
Azkoitia sección 02002,01702002,15856.0,1684.0,1132.0,0.672209026128266
Azkoitia sección 03001,01703001,14888.0,990.0,691.0,0.697979797979798
Azkoitia sección 03002,01703002,16698.0,1090.0,800.0,0.7339449541284404
Azkoitia sección 03003,01703003,16326.0,679.0,503.0,0.7407952871870398
Azkoitia sección 03004,01703004,18502.0,1391.0,1066.0,0.7663551401869159
Azpeitia sección 01001,01801001,18019.0,961.0,665.0,0.6919875130072841
Azpeitia sección 01002,01801002,13942.0,1155.0,783.0,0.6779220779220779
Azpeitia sección 01003,01801003,15158.0,1218.0,835.0,0.6855500821018062
Azpeitia sección 01004,01801004,14880.0,1620.0,1054.0,0.6506172839506172
Azpeitia sección 01005,01801005,18064.0,2009.0,1471.0,0.7322050771528124
Azpeitia sección 01006,01801006,13181.0,1426.0,925.0,0.6486676016830295
Azpeitia sección 01007,01801007,16161.0,1031.0,612.0,0.5935984481086324
Azpeitia sección 01008,01801008,14736.0,556.0,388.0,0.697841726618705
Azpeitia sección 01009,01801009,16370.0,1255.0,907.0,0.7227091633466135
Beasain sección 01001,01901001,13100.0,758.0,445.0,0.5870712401055409
Beasain sección 01002,01901002,16836.0,1589.0,1097.0,0.6903713027061045
Beasain sección 01003,01901003,19825.0,1564.0,1089.0,0.6962915601023018
Beasain sección 01004,01901004,16815.0,1177.0,787.0,0.6686491079014444
Beasain sección 01005,01901005,16819.0,1560.0,1056.0,0.676923076923077
Beasain sección 01007,01901007,17776.0,1784.0,1304.0,0.7309417040358744
Beasain sección 01008,01901008,15645.0,509.0,379.0,0.7445972495088409
Beasain sección 01009,01901009,14994.0,951.0,583.0,0.6130389064143007
Beizama sección 01001,02001001,15439.0,114.0,64.0,0.5614035087719298
Belauntza sección 01001,02101001,15387.0,185.0,104.0,0.5621621621621622
Berastegi sección 01001,02201001,16321.0,849.0,574.0,0.6760895170789164
Berrobi sección 01001,02301001,14627.0,441.0,254.0,0.5759637188208617
Bidania-Goiatz sección 01001,02401001,14641.0,395.0,245.0,0.620253164556962
Zegama sección 01001,02501001,16530.0,1110.0,791.0,0.7126126126126127
Zerain sección 01001,02601001,18895.0,207.0,172.0,0.8309178743961353
Zestoa sección 01001,02701001,14225.0,1733.0,1224.0,0.7062896710905944
Zestoa sección 01002,02701002,14237.0,1028.0,642.0,0.6245136186770428
Zizurkil sección 01001,02801001,16184.0,1444.0,987.0,0.6835180055401662
Zizurkil sección 01002,02801002,13405.0,810.0,455.0,0.5617283950617284
Deba sección 01001,02901001,17445.0,1309.0,1023.0,0.7815126050420168
Deba sección 01002,02901002,15518.0,1349.0,984.0,0.7294292068198666
Deba sección 01003,02901003,17134.0,826.0,592.0,0.7167070217917676
Deba sección 02001,02902001,15088.0,780.0,517.0,0.6628205128205128
Eibar sección 01001,03001001,22222.0,1366.0,1004.0,0.7349926793557833
Eibar sección 01002,03001002,20398.0,1079.0,761.0,0.7052826691380908
Eibar sección 01003,03001003,18170.0,819.0,610.0,0.7448107448107448
Eibar sección 01004,03001004,15334.0,1198.0,785.0,0.6552587646076795
Eibar sección 01005,03001005,13011.0,1014.0,695.0,0.685404339250493
Eibar sección 02001,03002001,14737.0,838.0,553.0,0.6599045346062052
Eibar sección 02002,03002002,14398.0,949.0,566.0,0.5964172813487882
Eibar sección 02003,03002003,13714.0,921.0,641.0,0.6959826275787188
Eibar sección 02004,03002004,13859.0,964.0,607.0,0.6296680497925311
Eibar sección 02005,03002005,15457.0,888.0,664.0,0.7477477477477478
Eibar sección 03001,03003001,14266.0,1300.0,805.0,0.6192307692307693
Eibar sección 03003,03003003,16204.0,747.0,535.0,0.7161981258366801
Eibar sección 03004,03003004,16521.0,634.0,450.0,0.7097791798107256
Eibar sección 04001,03004001,15055.0,879.0,631.0,0.7178612059158134
Eibar sección 04002,03004002,17580.0,771.0,563.0,0.7302204928664072
Eibar sección 04003,03004003,23263.0,1029.0,765.0,0.7434402332361516
Eibar sección 04004,03004004,18451.0,519.0,416.0,0.8015414258188824
Eibar sección 04005,03004005,14911.0,745.0,496.0,0.6657718120805369
Eibar sección 04006,03004006,14918.0,766.0,528.0,0.6892950391644909
Eibar sección 05001,03005001,12959.0,999.0,660.0,0.6606606606606606
Eibar sección 05002,03005002,17521.0,689.0,493.0,0.7155297532656023
Eibar sección 05003,03005003,13472.0,1147.0,770.0,0.6713164777680907
Eibar sección 05004,03005004,14828.0,886.0,600.0,0.6772009029345373
Elduain sección 01001,03101001,15911.0,185.0,113.0,0.6108108108108108
Elgoibar sección 01001,03201001,15559.0,1120.0,777.0,0.69375
Elgoibar sección 01002,03201002,16450.0,875.0,579.0,0.6617142857142857
Elgoibar sección 01003,03201003,17608.0,1469.0,1043.0,0.7100068073519401
Elgoibar sección 01004,03201004,14622.0,621.0,414.0,0.6666666666666666
Elgoibar sección 01005,03201005,16489.0,973.0,666.0,0.68448098663926
Elgoibar sección 01006,03201006,14506.0,817.0,527.0,0.6450428396572827
Elgoibar sección 01007,03201007,18081.0,1012.0,763.0,0.7539525691699605
Elgoibar sección 01008,03201008,14670.0,888.0,612.0,0.6891891891891891
Elgoibar sección 01010,03201010,16184.0,879.0,619.0,0.7042093287827076
Elgeta sección 01001,03301001,16164.0,858.0,644.0,0.7505827505827506
Eskoriatza sección 01001,03401001,16502.0,1619.0,1054.0,0.6510191476219889
Eskoriatza sección 01002,03401002,17051.0,1581.0,1139.0,0.7204301075268817
Ezkio-Itsaso sección 01001,03501001,17553.0,480.0,361.0,0.7520833333333333
Hondarribia sección 01001,03601001,15496.0,1150.0,762.0,0.662608695652174
Hondarribia sección 01002,03601002,17039.0,1124.0,765.0,0.6806049822064056
Hondarribia sección 01003,03601003,16939.0,1147.0,816.0,0.7114210985178727
Hondarribia sección 01004,03601004,16490.0,803.0,560.0,0.6973848069738481
Hondarribia sección 01005,03601005,17509.0,1272.0,928.0,0.7295597484276729
Hondarribia sección 01006,03601006,14406.0,1196.0,828.0,0.6923076923076923
Hondarribia sección 01007,03601007,19620.0,1364.0,820.0,0.6011730205278593
Hondarribia sección 01008,03601008,22806.0,1268.0,862.0,0.6798107255520505
Hondarribia sección 01009,03601009,21198.0,982.0,725.0,0.7382892057026477
Hondarribia sección 01010,03601010,12525.0,562.0,347.0,0.6174377224199288
Hondarribia sección 01011,03601011,16227.0,1575.0,1141.0,0.7244444444444444
Hondarribia sección 01012,03601012,24696.0,765.0,548.0,0.7163398692810458
Gaintza sección 01001,03701001,17083.0,101.0,69.0,0.6831683168316832
Gabiria sección 01001,03801001,18227.0,387.0,294.0,0.7596899224806202
Getaria sección 01001,03901001,16487.0,777.0,554.0,0.712998712998713
Getaria sección 01002,03901002,16880.0,1349.0,1069.0,0.7924388435878429
Hernani sección 01001,04001001,13739.0,684.0,470.0,0.6871345029239766
Hernani sección 01002,04001002,14923.0,923.0,652.0,0.7063921993499458
Hernani sección 01003,04001003,16075.0,841.0,609.0,0.7241379310344828
Hernani sección 01004,04001004,15389.0,1357.0,917.0,0.6757553426676493
Hernani sección 01005,04001005,15678.0,1222.0,852.0,0.6972176759410802
Hernani sección 01006,04001006,13257.0,701.0,460.0,0.6562054208273894
Hernani sección 01007,04001007,14082.0,1026.0,635.0,0.6189083820662769
Hernani sección 01008,04001008,13062.0,851.0,501.0,0.5887191539365453
Hernani sección 01009,04001009,15939.0,477.0,305.0,0.639412997903564
Hernani sección 01010,04001010,16119.0,1464.0,948.0,0.6475409836065574
Hernani sección 01011,04001011,13084.0,700.0,450.0,0.6428571428571429
Hernani sección 01012,04001012,14911.0,732.0,498.0,0.680327868852459
Hernani sección 01013,04001013,13733.0,1703.0,1155.0,0.6782149148561363
Hernani sección 01014,04001014,14321.0,674.0,399.0,0.5919881305637982
Hernani sección 01015,04001015,17460.0,731.0,538.0,0.7359781121751026
Hernani sección 01016,04001016,15739.0,1685.0,1160.0,0.6884272997032641
Hernialde sección 01001,04101001,15761.0,241.0,143.0,0.5933609958506224
Ibarra sección 01001,04201001,14556.0,1177.0,772.0,0.6559048428207307
Ibarra sección 01002,04201002,13785.0,1133.0,702.0,0.6195939982347749
Ibarra sección 01003,04201003,16184.0,870.0,582.0,0.6689655172413793
Idiazabal sección 01001,04301001,18125.0,1718.0,1189.0,0.6920838183934808
Ikaztegieta sección 01001,04401001,14017.0,355.0,261.0,0.7352112676056338
Irun sección 01001,04501001,15015.0,1818.0,1201.0,0.6606160616061606
Irun sección 01002,04501002,14253.0,1240.0,852.0,0.6870967741935484
Irun sección 01003,04501003,15994.0,1588.0,1103.0,0.6945843828715366
Irun sección 01004,04501004,15518.0,1142.0,827.0,0.7241681260945709
Irun sección 02001,04502001,12819.0,1273.0,813.0,0.638648860958366
Irun sección 02002,04502002,11963.0,1490.0,908.0,0.6093959731543624
Irun sección 02003,04502003,13945.0,769.0,494.0,0.6423927178153446
Irun sección 02004,04502004,13289.0,1612.0,988.0,0.6129032258064516
Irun sección 02005,04502005,15363.0,1314.0,868.0,0.6605783866057838
Irun sección 02006,04502006,15913.0,1046.0,780.0,0.745697896749522
Irun sección 02007,04502007,13616.0,1035.0,709.0,0.6850241545893719
Irun sección 02008,04502008,12824.0,1494.0,1007.0,0.6740294511378849
Irun sección 02009,04502009,14407.0,737.0,551.0,0.7476255088195387
Irun sección 02010,04502010,15057.0,1934.0,1459.0,0.7543950361944157
Irun sección 03001,04503001,19756.0,1447.0,1005.0,0.6945404284727021
Irun sección 03002,04503002,11033.0,863.0,542.0,0.6280417149478563
Irun sección 03003,04503003,11555.0,849.0,564.0,0.6643109540636042
Irun sección 03004,04503004,10923.0,671.0,375.0,0.5588673621460507
Irun sección 03005,04503005,11183.0,1094.0,646.0,0.5904936014625228
Irun sección 03006,04503006,14938.0,1032.0,673.0,0.6521317829457365
Irun sección 03007,04503007,11725.0,1036.0,618.0,0.5965250965250966
Irun sección 03008,04503008,13693.0,885.0,536.0,0.6056497175141243
Irun sección 03009,04503009,13495.0,1008.0,669.0,0.6636904761904762
Irun sección 03010,04503010,12607.0,1181.0,785.0,0.6646909398814564
Irun sección 03011,04503011,13813.0,784.0,541.0,0.6900510204081632
Irun sección 03012,04503012,12693.0,1135.0,736.0,0.6484581497797357
Irun sección 03013,04503013,12535.0,1424.0,849.0,0.5962078651685393
Irun sección 03014,04503014,12303.0,911.0,543.0,0.5960482985729967
Irun sección 03015,04503015,14569.0,1712.0,1163.0,0.679322429906542
Irun sección 03016,04503016,9726.0,583.0,344.0,0.5900514579759862
Irun sección 03017,04503017,17139.0,1554.0,1070.0,0.6885456885456885
Irun sección 03018,04503018,12791.0,767.0,507.0,0.6610169491525424
Irun sección 03019,04503019,18675.0,934.0,617.0,0.6605995717344754
Irun sección 04001,04504001,11150.0,583.0,362.0,0.6209262435677531
Irun sección 04002,04504002,11057.0,570.0,368.0,0.6456140350877193
Irun sección 04003,04504003,11428.0,1318.0,828.0,0.6282245827010622
Irun sección 04004,04504004,14419.0,1376.0,938.0,0.6816860465116279
Irun sección 04005,04504005,12227.0,891.0,550.0,0.6172839506172839
Irun sección 04006,04504006,13085.0,1307.0,885.0,0.677123182861515
Irun sección 04007,04504007,14067.0,720.0,445.0,0.6180555555555556
Irun sección 04008,04504008,15088.0,905.0,603.0,0.6662983425414365
Irun sección 04009,04504009,16443.0,999.0,611.0,0.6116116116116116
Irura sección 01001,04601001,15130.0,1243.0,822.0,0.6613032984714401
Itsasondo sección 01001,04701001,14223.0,455.0,314.0,0.6901098901098901
Larraul sección 01001,04801001,14178.0,183.0,112.0,0.6120218579234973
Lazkao sección 01001,04901001,15952.0,1476.0,1034.0,0.7005420054200542
Lazkao sección 01002,04901002,15363.0,1309.0,903.0,0.6898395721925134
Lazkao sección 01003,04901003,18014.0,1410.0,981.0,0.6957446808510638
Leaburu sección 01001,05001001,14758.0,275.0,174.0,0.6327272727272727
Legazpi sección 01001,05101001,16308.0,1141.0,809.0,0.7090271691498685
Legazpi sección 01002,05101002,17428.0,1844.0,1376.0,0.7462039045553145
Legazpi sección 01003,05101003,15867.0,795.0,554.0,0.6968553459119496
Legazpi sección 01004,05101004,16193.0,820.0,570.0,0.6951219512195121
Legazpi sección 01005,05101005,14613.0,965.0,672.0,0.6963730569948187
Legazpi sección 01006,05101006,16415.0,619.0,450.0,0.7269789983844911
Legazpi sección 01007,05101007,16068.0,552.0,398.0,0.7210144927536232
Legorreta sección 01001,05201001,14915.0,1050.0,746.0,0.7104761904761905
Lezo sección 01001,05301001,14618.0,1569.0,1058.0,0.674314850223072
Lezo sección 01002,05301002,14589.0,837.0,574.0,0.6857825567502986
Lezo sección 01003,05301003,13274.0,1080.0,626.0,0.5796296296296296
Lezo sección 01004,05301004,14829.0,1370.0,911.0,0.6649635036496351
Lizartza sección 01001,05401001,14670.0,461.0,294.0,0.6377440347071583
Arrasate/Mondragón sección 01001,05501001,16660.0,957.0,707.0,0.7387669801462905
Arrasate/Mondragón sección 01002,05501002,20598.0,961.0,702.0,0.7304890738813735
Arrasate/Mondragón sección 01003,05501003,20054.0,791.0,569.0,0.7193426042983565
Arrasate/Mondragón sección 01004,05501004,17762.0,826.0,571.0,0.6912832929782082
Arrasate/Mondragón sección 01005,05501005,21094.0,1324.0,1045.0,0.7892749244712991
Arrasate/Mondragón sección 01006,05501006,16909.0,1744.0,1225.0,0.7024082568807339
Arrasate/Mondragón sección 02001,05502001,17613.0,994.0,750.0,0.7545271629778671
Arrasate/Mondragón sección 02002,05502002,14389.0,955.0,578.0,0.6052356020942409
Arrasate/Mondragón sección 02003,05502003,13771.0,755.0,435.0,0.5761589403973509
Arrasate/Mondragón sección 02004,05502004,15585.0,979.0,671.0,0.6853932584269663
Arrasate/Mondragón sección 03001,05503001,15383.0,710.0,491.0,0.6915492957746479
Arrasate/Mondragón sección 03002,05503002,14630.0,701.0,463.0,0.6604850213980028
Arrasate/Mondragón sección 03003,05503003,13553.0,758.0,450.0,0.5936675461741425
Arrasate/Mondragón sección 04001,05504001,17346.0,1005.0,710.0,0.7064676616915423
Arrasate/Mondragón sección 04002,05504002,16974.0,1112.0,756.0,0.6798561151079137
Arrasate/Mondragón sección 04003,05504003,15703.0,1168.0,730.0,0.625
Arrasate/Mondragón sección 04004,05504004,19203.0,897.0,667.0,0.7435897435897436
Arrasate/Mondragón sección 05001,05505001,19304.0,663.0,264.0,0.39819004524886875
Mutriku sección 01001,05601001,16628.0,1040.0,763.0,0.7336538461538461
Mutriku sección 01002,05601002,15247.0,1249.0,899.0,0.7197758206565252
Mutriku sección 01003,05601003,13850.0,1162.0,760.0,0.6540447504302926
Mutriku sección 02001,05602001,14926.0,626.0,374.0,0.597444089456869
Mutiloa sección 01001,05701001,19017.0,198.0,148.0,0.7474747474747475
Olaberria sección 01001,05801001,16866.0,740.0,523.0,0.7067567567567568
Oñati sección 01001,05901001,19589.0,957.0,700.0,0.7314524555903866
Oñati sección 01002,05901002,17934.0,774.0,576.0,0.7441860465116279
Oñati sección 01003,05901003,17096.0,896.0,636.0,0.7098214285714286
Oñati sección 01004,05901004,16940.0,882.0,631.0,0.7154195011337868
Oñati sección 01005,05901005,17826.0,1000.0,708.0,0.708
Oñati sección 01006,05901006,19304.0,1634.0,1210.0,0.7405140758873929
Oñati sección 01007,05901007,18078.0,1226.0,942.0,0.768352365415987
Oñati sección 02001,05902001,18419.0,1523.0,1102.0,0.7235718975705844
Orexa sección 01001,06001001,14103.0,87.0,75.0,0.8620689655172413
Orio sección 01001,06101001,16814.0,1367.0,1008.0,0.737381126554499
Orio sección 01002,06101002,15172.0,1141.0,770.0,0.6748466257668712
Orio sección 01003,06101003,15905.0,1919.0,1295.0,0.6748306409588327
Ormaiztegi sección 01001,06201001,17472.0,941.0,688.0,0.7311370882040382
Oiartzun sección 01001,06301001,17489.0,1467.0,1069.0,0.7286980231765507
Oiartzun sección 01002,06301002,15128.0,896.0,640.0,0.7142857142857143
Oiartzun sección 01003,06301003,15127.0,1096.0,750.0,0.6843065693430657
Oiartzun sección 01004,06301004,15402.0,1441.0,986.0,0.6842470506592644
Oiartzun sección 01005,06301005,14033.0,855.0,561.0,0.656140350877193
Oiartzun sección 01006,06301006,16268.0,1002.0,694.0,0.6926147704590818
Oiartzun sección 01007,06301007,16904.0,1266.0,911.0,0.7195892575039494
Pasaia sección 01001,06401001,14522.0,666.0,452.0,0.6786786786786787
Pasaia sección 01002,06401002,14364.0,1070.0,667.0,0.6233644859813084
Pasaia sección 02001,06402001,16076.0,599.0,423.0,0.7061769616026711
Pasaia sección 02002,06402002,13083.0,516.0,320.0,0.6201550387596899
Pasaia sección 02003,06402003,12297.0,551.0,338.0,0.6134301270417423
Pasaia sección 02009,06402009,16164.0,637.0,448.0,0.7032967032967034
Pasaia sección 03001,06403001,12974.0,1334.0,872.0,0.6536731634182908
Pasaia sección 03002,06403002,14394.0,1411.0,966.0,0.6846208362863218
Pasaia sección 03003,06403003,13608.0,1180.0,801.0,0.6788135593220339
Pasaia sección 04001,06404001,12922.0,862.0,562.0,0.6519721577726219
Pasaia sección 04002,06404002,12743.0,918.0,585.0,0.6372549019607843
Pasaia sección 04003,06404003,11838.0,588.0,358.0,0.608843537414966
Pasaia sección 04004,06404004,12539.0,1170.0,686.0,0.5863247863247864
Pasaia sección 04005,06404005,11815.0,893.0,481.0,0.5386338185890257
Soraluze-Placencia de las Armas sección 01001,06501001,15561.0,1000.0,699.0,0.699
Soraluze-Placencia de las Armas sección 01002,06501002,13533.0,802.0,557.0,0.6945137157107232
Soraluze-Placencia de las Armas sección 02001,06502001,14583.0,1119.0,727.0,0.6496872207327972
Errezil sección 01001,06601001,13203.0,437.0,288.0,0.6590389016018307
Errenteria sección 01001,06701001,14681.0,513.0,318.0,0.6198830409356725
Errenteria sección 01002,06701002,14415.0,1190.0,854.0,0.7176470588235294
Errenteria sección 01003,06701003,13943.0,685.0,467.0,0.6817518248175183
Errenteria sección 01004,06701004,14347.0,1720.0,1140.0,0.6627906976744186
Errenteria sección 01005,06701005,14737.0,1209.0,811.0,0.6708023159636063
Errenteria sección 01006,06701006,15893.0,1644.0,1186.0,0.7214111922141119
Errenteria sección 01007,06701007,11576.0,761.0,494.0,0.6491458607095927
Errenteria sección 01008,06701008,11175.0,670.0,402.0,0.6
Errenteria sección 01009,06701009,14882.0,1225.0,827.0,0.6751020408163265
Errenteria sección 01010,06701010,13468.0,543.0,365.0,0.6721915285451197
Errenteria sección 01013,06701013,12743.0,722.0,450.0,0.6232686980609419
Errenteria sección 01014,06701014,12813.0,933.0,541.0,0.579849946409432
Errenteria sección 01015,06701015,11818.0,813.0,473.0,0.5817958179581796
Errenteria sección 01016,06701016,11566.0,548.0,337.0,0.614963503649635
Errenteria sección 01017,06701017,13791.0,673.0,435.0,0.6463595839524517
Errenteria sección 01018,06701018,17577.0,612.0,360.0,0.5882352941176471
Errenteria sección 01019,06701019,14124.0,1619.0,1048.0,0.6473131562693021
Errenteria sección 01020,06701020,14961.0,929.0,607.0,0.6533907427341227
Errenteria sección 01022,06701022,14261.0,1394.0,970.0,0.6958393113342898
Errenteria sección 01023,06701023,13236.0,967.0,630.0,0.6514994829369183
Errenteria sección 01024,06701024,12402.0,979.0,597.0,0.609805924412666
Errenteria sección 01025,06701025,13563.0,961.0,607.0,0.631633714880333
Errenteria sección 01026,06701026,12617.0,1244.0,795.0,0.6390675241157556
Errenteria sección 01027,06701027,12636.0,1349.0,837.0,0.6204595997034841
Errenteria sección 01028,06701028,12414.0,1440.0,881.0,0.6118055555555556
Errenteria sección 01029,06701029,13058.0,1382.0,812.0,0.5875542691751086
Errenteria sección 01030,06701030,15830.0,850.0,621.0,0.7305882352941176
Errenteria sección 01032,06701032,11481.0,563.0,359.0,0.6376554174067496
Errenteria sección 01034,06701034,13286.0,555.0,370.0,0.6666666666666666
Errenteria sección 01035,06701035,16204.0,642.0,464.0,0.7227414330218068
Errenteria sección 01036,06701036,16411.0,1274.0,959.0,0.7527472527472527
Leintz-Gatzaga sección 01001,06801001,17312.0,179.0,119.0,0.664804469273743
Donostia/San Sebastián sección 01001,06901001,17273.0,538.0,343.0,0.637546468401487
Donostia/San Sebastián sección 01002,06901002,19107.0,653.0,462.0,0.7075038284839203
Donostia/San Sebastián sección 01003,06901003,15553.0,1025.0,670.0,0.6536585365853659
Donostia/San Sebastián sección 01005,06901005,20688.0,782.0,539.0,0.6892583120204604
Donostia/San Sebastián sección 01006,06901006,22857.0,852.0,597.0,0.7007042253521126
Donostia/San Sebastián sección 01007,06901007,16699.0,593.0,413.0,0.6964586846543002
Donostia/San Sebastián sección 02001,06902001,25065.0,822.0,599.0,0.7287104622871047
Donostia/San Sebastián sección 02002,06902002,30451.0,1211.0,870.0,0.7184145334434352
Donostia/San Sebastián sección 02004,06902004,29950.0,989.0,704.0,0.7118301314459049
Donostia/San Sebastián sección 02005,06902005,22454.0,714.0,518.0,0.7254901960784313
Donostia/San Sebastián sección 02006,06902006,26894.0,939.0,672.0,0.7156549520766773
Donostia/San Sebastián sección 02007,06902007,28944.0,850.0,618.0,0.7270588235294118
Donostia/San Sebastián sección 02008,06902008,26138.0,862.0,564.0,0.654292343387471
Donostia/San Sebastián sección 02009,06902009,24301.0,750.0,503.0,0.6706666666666666
Donostia/San Sebastián sección 03001,06903001,25027.0,768.0,583.0,0.7591145833333334
Donostia/San Sebastián sección 03002,06903002,23048.0,743.0,544.0,0.7321668909825033
Donostia/San Sebastián sección 03003,06903003,19368.0,721.0,531.0,0.7364771151178918
Donostia/San Sebastián sección 03004,06903004,22973.0,966.0,729.0,0.7546583850931677
Donostia/San Sebastián sección 03005,06903005,18263.0,874.0,579.0,0.6624713958810069
Donostia/San Sebastián sección 03006,06903006,14398.0,626.0,413.0,0.6597444089456869
Donostia/San Sebastián sección 03007,06903007,17633.0,554.0,398.0,0.7184115523465704
Donostia/San Sebastián sección 03008,06903008,20052.0,608.0,438.0,0.7203947368421053
Donostia/San Sebastián sección 03009,06903009,21757.0,787.0,563.0,0.7153748411689962
Donostia/San Sebastián sección 03010,06903010,24966.0,825.0,609.0,0.7381818181818182
Donostia/San Sebastián sección 03011,06903011,19310.0,980.0,695.0,0.7091836734693877
Donostia/San Sebastián sección 03012,06903012,21870.0,1250.0,937.0,0.7496
Donostia/San Sebastián sección 03013,06903013,15021.0,916.0,598.0,0.6528384279475983
Donostia/San Sebastián sección 03014,06903014,16372.0,665.0,484.0,0.7278195488721805
Donostia/San Sebastián sección 03015,06903015,17104.0,833.0,583.0,0.6998799519807923
Donostia/San Sebastián sección 03016,06903016,17791.0,848.0,648.0,0.7641509433962265
Donostia/San Sebastián sección 03017,06903017,16920.0,1195.0,887.0,0.7422594142259414
Donostia/San Sebastián sección 03018,06903018,16251.0,1246.0,875.0,0.702247191011236
Donostia/San Sebastián sección 03019,06903019,19831.0,1735.0,1332.0,0.7677233429394813
Donostia/San Sebastián sección 03020,06903020,18871.0,2267.0,1484.0,0.6546096162329069
Donostia/San Sebastián sección 03021,06903021,13525.0,1359.0,934.0,0.6872700515084621
Donostia/San Sebastián sección 03022,06903022,15431.0,609.0,449.0,0.7372742200328407
Donostia/San Sebastián sección 03024,06903024,19116.0,1073.0,755.0,0.7036346691519105
Donostia/San Sebastián sección 03025,06903025,20602.0,1751.0,1246.0,0.7115933752141633
Donostia/San Sebastián sección 03026,06903026,17563.0,853.0,623.0,0.7303634232121923
Donostia/San Sebastián sección 03027,06903027,17849.0,1209.0,888.0,0.7344913151364765
Donostia/San Sebastián sección 03028,06903028,14318.0,740.0,473.0,0.6391891891891892
Donostia/San Sebastián sección 03029,06903029,18090.0,665.0,471.0,0.7082706766917293
Donostia/San Sebastián sección 03030,06903030,20896.0,1152.0,843.0,0.7317708333333334
Donostia/San Sebastián sección 03031,06903031,20836.0,1337.0,1003.0,0.75018698578908
Donostia/San Sebastián sección 03032,06903032,20817.0,701.0,534.0,0.7617689015691869
Donostia/San Sebastián sección 03033,06903033,17883.0,1513.0,1116.0,0.7376074025115664
Donostia/San Sebastián sección 03034,06903034,17779.0,,,
Donostia/San Sebastián sección 04001,06904001,27013.0,1002.0,695.0,0.6936127744510978
Donostia/San Sebastián sección 04002,06904002,23832.0,843.0,636.0,0.7544483985765125
Donostia/San Sebastián sección 04003,06904003,20668.0,810.0,578.0,0.7135802469135802
Donostia/San Sebastián sección 04004,06904004,20960.0,844.0,617.0,0.731042654028436
Donostia/San Sebastián sección 04005,06904005,20310.0,585.0,386.0,0.6598290598290598
Donostia/San Sebastián sección 04006,06904006,22473.0,708.0,502.0,0.7090395480225988
Donostia/San Sebastián sección 04007,06904007,17399.0,1395.0,943.0,0.6759856630824372
Donostia/San Sebastián sección 04008,06904008,15675.0,1320.0,801.0,0.6068181818181818
Donostia/San Sebastián sección 04009,06904009,16303.0,842.0,516.0,0.6128266033254157
Donostia/San Sebastián sección 04010,06904010,15867.0,1433.0,1043.0,0.7278436845778088
Donostia/San Sebastián sección 04011,06904011,16543.0,855.0,601.0,0.7029239766081872
Donostia/San Sebastián sección 04012,06904012,16942.0,1036.0,703.0,0.6785714285714286
Donostia/San Sebastián sección 04013,06904013,17763.0,1380.0,960.0,0.6956521739130435
Donostia/San Sebastián sección 04014,06904014,17172.0,1264.0,792.0,0.6265822784810127
Donostia/San Sebastián sección 04015,06904015,13762.0,962.0,615.0,0.6392931392931392
Donostia/San Sebastián sección 04016,06904016,13429.0,639.0,392.0,0.6134585289514867
Donostia/San Sebastián sección 04017,06904017,14987.0,1036.0,667.0,0.6438223938223938
Donostia/San Sebastián sección 04018,06904018,15415.0,1118.0,780.0,0.6976744186046512
Donostia/San Sebastián sección 04019,06904019,18433.0,707.0,488.0,0.6902404526166902
Donostia/San Sebastián sección 04020,06904020,12578.0,788.0,468.0,0.5939086294416244
Donostia/San Sebastián sección 05001,06905001,24004.0,861.0,637.0,0.7398373983739838
Donostia/San Sebastián sección 05002,06905002,20484.0,1102.0,774.0,0.7023593466424682
Donostia/San Sebastián sección 05003,06905003,18148.0,839.0,613.0,0.7306317044100119
Donostia/San Sebastián sección 05004,06905004,17517.0,748.0,518.0,0.6925133689839572
Donostia/San Sebastián sección 05005,06905005,19568.0,975.0,652.0,0.6687179487179488
Donostia/San Sebastián sección 05006,06905006,18729.0,761.0,542.0,0.7122207621550591
Donostia/San Sebastián sección 05007,06905007,17429.0,629.0,417.0,0.6629570747217806
Donostia/San Sebastián sección 05008,06905008,20602.0,1350.0,946.0,0.7007407407407408
Donostia/San Sebastián sección 05009,06905009,20692.0,873.0,650.0,0.7445589919816724
Donostia/San Sebastián sección 05010,06905010,20663.0,883.0,666.0,0.7542468856172141
Donostia/San Sebastián sección 05011,06905011,18728.0,550.0,405.0,0.7363636363636363
Donostia/San Sebastián sección 05012,06905012,19131.0,1539.0,1060.0,0.6887589343729694
Donostia/San Sebastián sección 05013,06905013,19191.0,999.0,659.0,0.6596596596596597
Donostia/San Sebastián sección 05014,06905014,20230.0,1348.0,947.0,0.7025222551928784
Donostia/San Sebastián sección 06001,06906001,32183.0,852.0,624.0,0.7323943661971831
Donostia/San Sebastián sección 06002,06906002,22524.0,1025.0,724.0,0.7063414634146341
Donostia/San Sebastián sección 06003,06906003,16391.0,1024.0,725.0,0.7080078125
Donostia/San Sebastián sección 06004,06906004,18289.0,1529.0,1082.0,0.7076520601700458
Donostia/San Sebastián sección 06005,06906005,17474.0,1338.0,968.0,0.7234678624813154
Donostia/San Sebastián sección 06006,06906006,22951.0,909.0,652.0,0.7172717271727173
Donostia/San Sebastián sección 06007,06906007,32183.0,1754.0,1256.0,0.7160775370581528
Donostia/San Sebastián sección 06008,06906008,14377.0,1189.0,796.0,0.6694701429772918
Donostia/San Sebastián sección 06009,06906009,22218.0,646.0,419.0,0.6486068111455109
Donostia/San Sebastián sección 06010,06906010,22827.0,1033.0,732.0,0.7086156824782188
Donostia/San Sebastián sección 06011,06906011,25445.0,942.0,708.0,0.7515923566878981
Donostia/San Sebastián sección 06012,06906012,16896.0,1354.0,978.0,0.7223042836041359
Donostia/San Sebastián sección 06013,06906013,18835.0,771.0,555.0,0.7198443579766537
Donostia/San Sebastián sección 06014,06906014,24129.0,1632.0,1186.0,0.7267156862745098
Donostia/San Sebastián sección 06015,06906015,16897.0,836.0,569.0,0.680622009569378
Donostia/San Sebastián sección 06016,06906016,19893.0,1708.0,1203.0,0.7043325526932084
Donostia/San Sebastián sección 06017,06906017,22006.0,868.0,643.0,0.7407834101382489
Donostia/San Sebastián sección 06018,06906018,27285.0,1527.0,1165.0,0.7629338572364113
Donostia/San Sebastián sección 06019,06906019,18030.0,1352.0,978.0,0.7233727810650887
Donostia/San Sebastián sección 06020,06906020,29048.0,984.0,711.0,0.7225609756097561
Donostia/San Sebastián sección 06021,06906021,21785.0,1432.0,1042.0,0.7276536312849162
Donostia/San Sebastián sección 06022,06906022,22116.0,1261.0,996.0,0.7898493259318001
Donostia/San Sebastián sección 06023,06906023,16843.0,1246.0,884.0,0.709470304975923
Donostia/San Sebastián sección 06024,06906024,27529.0,1442.0,1075.0,0.7454923717059639
Donostia/San Sebastián sección 06025,06906025,17898.0,1857.0,1234.0,0.6645126548196015
Donostia/San Sebastián sección 06026,06906026,24697.0,1367.0,1065.0,0.7790782735918069
Donostia/San Sebastián sección 06027,06906027,28586.0,916.0,658.0,0.7183406113537117
Donostia/San Sebastián sección 06028,06906028,19879.0,1193.0,843.0,0.7066219614417435
Donostia/San Sebastián sección 06029,06906029,18501.0,1168.0,808.0,0.6917808219178082
Donostia/San Sebastián sección 06030,06906030,20132.0,1178.0,837.0,0.7105263157894737
Donostia/San Sebastián sección 07001,06907001,13310.0,1454.0,950.0,0.6533700137551581
Donostia/San Sebastián sección 07002,06907002,14276.0,1321.0,851.0,0.6442089326267979
Donostia/San Sebastián sección 07003,06907003,23502.0,1107.0,739.0,0.6675700090334237
Donostia/San Sebastián sección 07004,06907004,13858.0,646.0,407.0,0.6300309597523219
Donostia/San Sebastián sección 07005,06907005,14136.0,998.0,629.0,0.6302605210420842
Donostia/San Sebastián sección 07006,06907006,16367.0,1092.0,735.0,0.6730769230769231
Donostia/San Sebastián sección 07007,06907007,16657.0,1242.0,834.0,0.6714975845410628
Donostia/San Sebastián sección 07008,06907008,14360.0,646.0,384.0,0.5944272445820433
Donostia/San Sebastián sección 07009,06907009,14986.0,578.0,361.0,0.6245674740484429
Donostia/San Sebastián sección 07010,06907010,17815.0,935.0,654.0,0.6994652406417112
Donostia/San Sebastián sección 07011,06907011,12532.0,793.0,502.0,0.6330390920554855
Donostia/San Sebastián sección 07012,06907012,12326.0,668.0,379.0,0.5673652694610778
Donostia/San Sebastián sección 07013,06907013,14906.0,798.0,494.0,0.6190476190476191
Donostia/San Sebastián sección 07014,06907014,13756.0,1127.0,654.0,0.580301685891748
Donostia/San Sebastián sección 07015,06907015,14483.0,1399.0,937.0,0.6697641172265905
Donostia/San Sebastián sección 07016,06907016,12885.0,780.0,485.0,0.6217948717948718
Donostia/San Sebastián sección 07017,06907017,13134.0,1010.0,628.0,0.6217821782178218
Donostia/San Sebastián sección 07018,06907018,14026.0,1908.0,1171.0,0.6137316561844863
Donostia/San Sebastián sección 07019,06907019,12091.0,830.0,496.0,0.5975903614457831
Donostia/San Sebastián sección 07020,06907020,13774.0,1510.0,886.0,0.5867549668874172
Donostia/San Sebastián sección 07021,06907021,11728.0,521.0,312.0,0.5988483685220729
Donostia/San Sebastián sección 07022,06907022,12279.0,771.0,535.0,0.6939040207522698
Donostia/San Sebastián sección 07023,06907023,12652.0,1041.0,616.0,0.5917387127761767
Donostia/San Sebastián sección 07024,06907024,12554.0,1281.0,819.0,0.639344262295082
Donostia/San Sebastián sección 07025,06907025,11395.0,514.0,318.0,0.6186770428015564
Donostia/San Sebastián sección 07026,06907026,14981.0,636.0,408.0,0.6415094339622641
Donostia/San Sebastián sección 07027,06907027,14225.0,1616.0,1101.0,0.6813118811881188
Donostia/San Sebastián sección 07028,06907028,14532.0,902.0,591.0,0.655210643015521
Donostia/San Sebastián sección 07030,06907030,13208.0,1136.0,728.0,0.6408450704225352
Donostia/San Sebastián sección 07031,06907031,15949.0,1607.0,1139.0,0.7087741132545116
Donostia/San Sebastián sección 07032,06907032,12911.0,738.0,456.0,0.6178861788617886
Donostia/San Sebastián sección 07033,06907033,16379.0,1710.0,1194.0,0.6982456140350877
Donostia/San Sebastián sección 07034,06907034,15672.0,825.0,573.0,0.6945454545454546
Segura sección 01001,07001001,17358.0,1084.0,798.0,0.7361623616236163
Tolosa sección 01001,07101001,14160.0,535.0,356.0,0.6654205607476635
Tolosa sección 01002,07101002,14084.0,535.0,339.0,0.6336448598130842
Tolosa sección 01003,07101003,14308.0,837.0,553.0,0.6606929510155317
Tolosa sección 01004,07101004,15122.0,1329.0,920.0,0.6922498118886381
Tolosa sección 02001,07102001,18193.0,828.0,615.0,0.7427536231884058
Tolosa sección 02002,07102002,18957.0,1479.0,1036.0,0.7004732927653821
Tolosa sección 02003,07102003,14075.0,742.0,467.0,0.6293800539083558
Tolosa sección 02004,07102004,18242.0,905.0,650.0,0.7182320441988951
Tolosa sección 02005,07102005,20280.0,864.0,654.0,0.7569444444444444
Tolosa sección 03001,07103001,18207.0,1989.0,1360.0,0.6837606837606838
Tolosa sección 03002,07103002,14742.0,1052.0,702.0,0.6673003802281369
Tolosa sección 03003,07103003,17854.0,1592.0,1123.0,0.7054020100502513
Tolosa sección 04001,07104001,16658.0,1163.0,788.0,0.6775580395528805
Tolosa sección 04002,07104002,18083.0,1212.0,879.0,0.7252475247524752
Urnieta sección 01001,07201001,14540.0,917.0,624.0,0.6804798255179935
Urnieta sección 01002,07201002,14139.0,1034.0,666.0,0.6441005802707931
Urnieta sección 01003,07201003,15182.0,1611.0,1046.0,0.6492861576660459
Urnieta sección 01004,07201004,15317.0,1200.0,839.0,0.6991666666666667
Usurbil sección 01001,07301001,16521.0,1684.0,1219.0,0.7238717339667459
Usurbil sección 01002,07301002,14597.0,832.0,512.0,0.6153846153846154
Usurbil sección 01003,07301003,15790.0,1600.0,1115.0,0.696875
Usurbil sección 01004,07301004,16759.0,591.0,426.0,0.7208121827411168
Bergara sección 01001,07401001,16784.0,1274.0,920.0,0.7221350078492935
Bergara sección 01002,07401002,18634.0,1540.0,1173.0,0.7616883116883116
Bergara sección 01003,07401003,17493.0,630.0,484.0,0.7682539682539683
Bergara sección 01004,07401004,16375.0,871.0,623.0,0.7152698048220436
Bergara sección 01005,07401005,21639.0,1383.0,1088.0,0.7866955892986262
Bergara sección 02001,07402001,16836.0,704.0,546.0,0.7755681818181818
Bergara sección 02002,07402002,15847.0,593.0,416.0,0.7015177065767285
Bergara sección 02003,07402003,16468.0,1903.0,1340.0,0.7041513399894903
Bergara sección 03001,07403001,17064.0,1109.0,757.0,0.6825969341749324
Bergara sección 03002,07403002,13314.0,758.0,500.0,0.6596306068601583
Bergara sección 03003,07403003,19717.0,755.0,532.0,0.704635761589404
Villabona sección 01001,07501001,14592.0,1694.0,1137.0,0.6711924439197167
Villabona sección 01002,07501002,13624.0,1265.0,817.0,0.6458498023715415
Villabona sección 01003,07501003,15744.0,1353.0,894.0,0.6607538802660754
Ordizia sección 01001,07601001,14163.0,764.0,562.0,0.7356020942408377
Ordizia sección 01002,07601002,13445.0,692.0,468.0,0.6763005780346821
Ordizia sección 01003,07601003,15835.0,980.0,695.0,0.7091836734693877
Ordizia sección 01004,07601004,18603.0,857.0,638.0,0.7444574095682613
Ordizia sección 01005,07601005,15326.0,1195.0,846.0,0.7079497907949791
Ordizia sección 01006,07601006,13916.0,1211.0,782.0,0.6457473162675474
Ordizia sección 01008,07601008,18962.0,1314.0,1020.0,0.776255707762557
Urretxu sección 01001,07701001,16251.0,645.0,476.0,0.737984496124031
Urretxu sección 01002,07701002,14927.0,1190.0,861.0,0.7235294117647059
Urretxu sección 01003,07701003,17186.0,884.0,590.0,0.667420814479638
Urretxu sección 01004,07701004,16360.0,657.0,503.0,0.7656012176560122
Urretxu sección 01005,07701005,15572.0,724.0,536.0,0.7403314917127072
Urretxu sección 01006,07701006,16639.0,1169.0,879.0,0.7519247219846023
Zaldibia sección 01001,07801001,16245.0,1143.0,819.0,0.7165354330708661
Zarautz sección 01001,07901001,15899.0,1531.0,1163.0,0.759634225996081
Zarautz sección 01002,07901002,17918.0,1029.0,702.0,0.6822157434402333
Zarautz sección 01003,07901003,16204.0,1008.0,702.0,0.6964285714285714
Zarautz sección 02001,07902001,24599.0,1252.0,943.0,0.7531948881789138
Zarautz sección 02002,07902002,20096.0,1488.0,1152.0,0.7741935483870968
Zarautz sección 02003,07902003,15090.0,1548.0,1108.0,0.7157622739018088
Zarautz sección 02004,07902004,13962.0,1384.0,949.0,0.6856936416184971
Zarautz sección 02005,07902005,15120.0,1209.0,877.0,0.7253928866832092
Zarautz sección 02006,07902006,14393.0,1404.0,967.0,0.6887464387464387
Zarautz sección 02007,07902007,15778.0,1303.0,880.0,0.6753645433614736
Zarautz sección 02008,07902008,19602.0,1560.0,1115.0,0.7147435897435898
Zarautz sección 02009,07902009,16230.0,1446.0,998.0,0.690179806362379
Zarautz sección 02010,07902010,19515.0,1073.0,828.0,0.771668219944082
Zarautz sección 02011,07902011,17467.0,916.0,722.0,0.7882096069868996
Zumarraga sección 01001,08001001,16748.0,865.0,642.0,0.7421965317919075
Zumarraga sección 01002,08001002,16796.0,1252.0,876.0,0.6996805111821086
Zumarraga sección 01003,08001003,15353.0,659.0,483.0,0.7329286798179059
Zumarraga sección 01004,08001004,14752.0,573.0,365.0,0.6369982547993019
Zumarraga sección 01005,08001005,14176.0,1900.0,1231.0,0.6478947368421053
Zumarraga sección 01006,08001006,13609.0,1201.0,841.0,0.7002497918401333
Zumarraga sección 01007,08001007,16609.0,505.0,303.0,0.6
Zumarraga sección 01008,08001008,14981.0,750.0,535.0,0.7133333333333334
Zumaia sección 01001,08101001,19453.0,1628.0,1192.0,0.7321867321867321
Zumaia sección 01002,08101002,16242.0,1236.0,873.0,0.7063106796116505
Zumaia sección 01003,08101003,15676.0,1655.0,1158.0,0.6996978851963747
Zumaia sección 01004,08101004,14932.0,1341.0,929.0,0.6927665920954511
Zumaia sección 01005,08101005,17702.0,912.0,627.0,0.6875
Zumaia sección 01006,08101006,14534.0,918.0,603.0,0.6568627450980392
Mendaro sección 01001,90101001,15312.0,1399.0,960.0,0.686204431736955
Lasarte-Oria sección 01001,90201001,16553.0,1303.0,932.0,0.7152724481964697
Lasarte-Oria sección 01002,90201002,14149.0,1110.0,741.0,0.6675675675675675
Lasarte-Oria sección 01003,90201003,13592.0,1203.0,830.0,0.6899418121363259
Lasarte-Oria sección 01004,90201004,13997.0,1014.0,666.0,0.6568047337278107
Lasarte-Oria sección 01005,90201005,16030.0,536.0,382.0,0.7126865671641791
Lasarte-Oria sección 01006,90201006,14780.0,1462.0,982.0,0.6716826265389877
Lasarte-Oria sección 01007,90201007,13861.0,854.0,586.0,0.6861826697892272
Lasarte-Oria sección 01008,90201008,13889.0,859.0,598.0,0.6961583236321304
Lasarte-Oria sección 01009,90201009,14931.0,1830.0,1255.0,0.6857923497267759
Lasarte-Oria sección 01010,90201010,13440.0,730.0,463.0,0.6342465753424658
Lasarte-Oria sección 01011,90201011,13997.0,1474.0,954.0,0.6472184531886025
Lasarte-Oria sección 01012,90201012,13665.0,807.0,529.0,0.6555142503097894
Lasarte-Oria sección 01013,90201013,16591.0,1100.0,752.0,0.6836363636363636
Astigarraga sección 01001,90301001,16898.0,1677.0,1121.0,0.6684555754323196
Astigarraga sección 01002,90301002,17384.0,1647.0,1130.0,0.6860959319975714
Astigarraga sección 01003,90301003,15474.0,1709.0,1104.0,0.6459918080748976
Baliarrain sección 01001,90401001,15116.0,87.0,56.0,0.6436781609195402
Orendain sección 01001,90501001,16087.0,160.0,123.0,0.76875
Altzaga sección 01001,90601001,14018.0,128.0,87.0,0.6796875
Gaztelu sección 01001,90701001,13812.0,118.0,82.0,0.6949152542372882
,999090000,,7894.0,3083.0,0.39054978464656703
