Nombre Sección,Sección,Total,censo,votos_total,Participación,desviación renta 16,cambio renta 16-19,desviación participación 16,cambio voto 16-19
Donostia/San Sebastián sección 03032,6903032,17414.0,1379.0,1024.0,0.7425670775924583,2350.2678899082566,2060.3431192660537,348.5147058823529,-520.103696708041
Donostia/San Sebastián sección 03031,6903031,18005.0,1805.0,1265.0,0.7008310249307479,2941.2678899082566,1488.3431192660537,589.5147058823529,-292.10369670804096
Errenteria sección 01029,6701029,11674.0,1393.0,911.0,0.6539842067480258,-3389.7321100917434,41.34311926605369,235.51470588235293,-129.10369670804096
Errenteria sección 01027,6701027,11498.0,1361.0,908.0,0.6671565025716385,-3565.7321100917434,-204.6568807339463,232.51470588235293,-101.10369670804096
Donostia/San Sebastián sección 07002,6907002,12908.0,1358.0,920.0,0.6774668630338734,-2155.7321100917434,25.34311926605369,244.51470588235293,-99.10369670804096
Irun sección 04001,4504001,9804.0,496.0,429.0,0.8649193548387096,-5259.732110091743,3.343119266053691,-246.48529411764707,-97.10369670804096
Zumarraga sección 01005,8001005,13901.0,1949.0,1296.0,0.6649563878912262,-1162.7321100917434,-1067.6568807339463,620.5147058823529,-95.10369670804096
Irun sección 03010,4503010,10981.0,1210.0,850.0,0.7024793388429752,-4082.7321100917434,283.3431192660537,174.51470588235293,-95.10369670804096
Lasarte-Oria sección 01007,90201007,13217.0,907.0,642.0,0.7078280044101434,-1846.7321100917434,-698.6568807339463,-33.48529411764707,-86.10369670804096
Irun sección 03008,4503008,12464.0,923.0,592.0,0.6413867822318526,-2599.7321100917434,-113.65688073394631,-83.48529411764707,-86.10369670804096
Donostia/San Sebastián sección 04005,6904005,19101.0,645.0,441.0,0.6837209302325581,4037.2678899082566,-133.6568807339463,-234.48529411764707,-85.10369670804096
Donostia/San Sebastián sección 07013,6907013,13855.0,826.0,549.0,0.6646489104116223,-1208.7321100917434,-291.6568807339463,-126.48529411764707,-85.10369670804096
Lasarte-Oria sección 01011,90201011,13027.0,1495.0,1009.0,0.6749163879598662,-2036.7321100917434,-372.6568807339463,333.5147058823529,-85.10369670804096
Donostia/San Sebastián sección 07020,6907020,12546.0,1524.0,937.0,0.6148293963254593,-2517.7321100917434,-114.65688073394631,261.5147058823529,-81.10369670804096
Errenteria sección 01024,6701024,11475.0,1000.0,648.0,0.648,-3588.7321100917434,-415.6568807339463,-27.485294117647072,-81.10369670804096
Lasarte-Oria sección 01002,90201002,12985.0,1145.0,792.0,0.6917030567685589,-2078.7321100917434,-178.6568807339463,116.51470588235293,-81.10369670804096
Irun sección 03007,4503007,10253.0,1027.0,667.0,0.6494644595910418,-4810.732110091743,129.3431192660537,-8.485294117647072,-79.10369670804096
Arrasate/Mondragón sección 02003,5502003,12375.0,819.0,484.0,0.590964590964591,-2688.7321100917434,53.34311926605369,-191.48529411764707,-79.10369670804096
Pasaia sección 04004,6404004,11269.0,1220.0,735.0,0.6024590163934426,-3794.7321100917434,-72.65688073394631,59.51470588235293,-79.10369670804096
Donostia/San Sebastián sección 03018,6903018,15459.0,1304.0,922.0,0.7070552147239264,395.2678899082566,-550.6568807339463,246.51470588235293,-77.10369670804096
Irun sección 03005,4503005,10447.0,1113.0,693.0,0.6226415094339622,-4616.732110091743,-606.6568807339463,17.514705882352928,-77.10369670804096
Donostia/San Sebastián sección 07008,6907008,12558.0,666.0,431.0,0.6471471471471472,-2505.7321100917434,459.3431192660537,-244.48529411764707,-77.10369670804096
Donostia/San Sebastián sección 07012,6907012,11592.0,716.0,426.0,0.5949720670391061,-3471.7321100917434,-608.6568807339463,-249.48529411764707,-77.10369670804096
Donostia/San Sebastián sección 07001,6907001,12142.0,1481.0,997.0,0.6731937879810939,-2921.7321100917434,-174.6568807339463,321.5147058823529,-77.10369670804096
Donostia/San Sebastián sección 03028,6903028,14270.0,759.0,519.0,0.6837944664031621,-793.7321100917434,-1294.6568807339463,-156.48529411764707,-76.10369670804096
Irun sección 03015,4503015,13608.0,1774.0,1208.0,0.6809470124013529,-1455.7321100917434,-381.6568807339463,532.5147058823529,-75.10369670804096
Urretxu sección 01003,7701003,16008.0,901.0,635.0,0.704772475027747,944.2678899082566,-164.6568807339463,-40.48529411764707,-75.10369670804096
Donostia/San Sebastián sección 06008,6906008,13417.0,1186.0,841.0,0.709106239460371,-1646.7321100917434,-382.6568807339463,165.51470588235293,-75.10369670804096
Irun sección 03013,4503013,11233.0,1381.0,893.0,0.6466328747284577,-3830.7321100917434,-40.65688073394631,217.51470588235293,-74.10369670804096
Errenteria sección 01015,6701015,10684.0,852.0,516.0,0.6056338028169014,-4379.732110091743,-208.6568807339463,-159.48529411764707,-73.10369670804096
Donostia/San Sebastián sección 03005,6903005,15525.0,934.0,621.0,0.6648822269807281,461.2678899082566,1395.3431192660537,-54.48529411764707,-72.10369670804096
Donostia/San Sebastián sección 03003,6903003,18722.0,767.0,572.0,0.7457627118644068,3658.2678899082566,-696.6568807339463,-103.48529411764707,-71.10369670804096
Zumarraga sección 01004,8001004,15285.0,604.0,406.0,0.6721854304635762,221.26788990825662,-1875.6568807339463,-269.4852941176471,-71.10369670804096
Lasarte-Oria sección 01013,90201013,14803.0,1105.0,792.0,0.7167420814479638,-260.7321100917434,445.3431192660537,116.51470588235293,-70.10369670804096
Donostia/San Sebastián sección 06002,6906002,23660.0,1066.0,764.0,0.7166979362101313,8596.267889908257,-2478.6568807339463,88.51470588235293,-70.10369670804096
Donostia/San Sebastián sección 04016,6904016,13262.0,650.0,432.0,0.6646153846153846,-1801.7321100917434,-1175.6568807339463,-243.48529411764707,-70.10369670804096
Errenteria sección 01032,6701032,10929.0,578.0,398.0,0.6885813148788927,-4134.732110091743,-790.6568807339463,-277.4852941176471,-69.10369670804096
Irun sección 02001,4502001,11440.0,1326.0,850.0,0.6410256410256411,-3623.7321100917434,36.34311926605369,174.51470588235293,-67.10369670804096
Irun sección 03018,4503018,11553.0,779.0,544.0,0.6983311938382541,-3510.7321100917434,-104.65688073394631,-131.48529411764707,-67.10369670804096
Donostia/San Sebastián sección 05009,6905009,19240.0,933.0,686.0,0.7352625937834941,4176.267889908257,109.34311926605369,10.514705882352928,-66.10369670804096
Donostia/San Sebastián sección 03013,6903013,14077.0,921.0,634.0,0.6883821932681867,-986.7321100917434,-398.6568807339463,-41.48529411764707,-66.10369670804096
Donostia/San Sebastián sección 06011,6906011,29364.0,974.0,743.0,0.7628336755646817,14300.267889908257,-5261.656880733946,67.51470588235293,-65.10369670804096
Zumaia sección 01001,8101001,17229.0,1793.0,1227.0,0.6843279419966537,2165.2678899082566,881.3431192660537,551.5147058823529,-65.10369670804096
Donostia/San Sebastián sección 02009,6902009,20045.0,740.0,537.0,0.7256756756756757,4981.267889908257,2913.3431192660537,-138.48529411764707,-64.10369670804096
Lasarte-Oria sección 01003,90201003,12645.0,1224.0,864.0,0.7058823529411765,-2418.7321100917434,-395.6568807339463,188.51470588235293,-64.10369670804096
Donostia/San Sebastián sección 03030,6903030,18785.0,1202.0,876.0,0.7287853577371048,3721.2678899082566,768.3431192660537,200.51470588235293,-63.10369670804096
Andoain sección 01010,901010,13281.0,997.0,667.0,0.6690070210631895,-1782.7321100917434,-127.65688073394631,-8.485294117647072,-63.10369670804096
Legorreta sección 01001,5201001,13802.0,1090.0,779.0,0.7146788990825688,-1261.7321100917434,-229.6568807339463,103.51470588235293,-63.10369670804096
Donostia/San Sebastián sección 02008,6902008,24228.0,853.0,596.0,0.6987104337631888,9164.267889908257,567.3431192660537,-79.48529411764707,-62.10369670804096
Irun sección 04005,4504005,11116.0,902.0,582.0,0.6452328159645233,-3947.7321100917434,-231.6568807339463,-93.48529411764707,-62.10369670804096
Donostia/San Sebastián sección 07015,6907015,13970.0,1411.0,969.0,0.6867469879518072,-1093.7321100917434,-829.6568807339463,293.5147058823529,-62.10369670804096
Errenteria sección 01025,6701025,12115.0,1023.0,639.0,0.624633431085044,-2948.7321100917434,105.34311926605369,-36.48529411764707,-62.10369670804096
Eibar sección 02003,3002003,12939.0,976.0,672.0,0.6885245901639344,-2124.7321100917434,-567.6568807339463,-3.485294117647072,-61.10369670804096
Zaldibia sección 01001,7801001,15299.0,1155.0,850.0,0.7359307359307359,235.26788990825662,-396.6568807339463,174.51470588235293,-61.10369670804096
Errenteria sección 01014,6701014,11641.0,946.0,572.0,0.6046511627906976,-3422.7321100917434,-170.6568807339463,-103.48529411764707,-61.10369670804096
Donostia/San Sebastián sección 07019,6907019,10725.0,831.0,526.0,0.6329723225030084,-4338.732110091743,23.34311926605369,-149.48529411764707,-60.10369670804096
Arrasate/Mondragón sección 03002,5503002,15349.0,746.0,493.0,0.660857908847185,285.2678899082566,-2061.6568807339463,-182.48529411764707,-60.10369670804096
Donostia/San Sebastián sección 05008,6905008,16801.0,1389.0,976.0,0.7026637868970482,1737.2678899082566,2458.3431192660537,300.5147058823529,-60.10369670804096
Errenteria sección 01020,6701020,13505.0,945.0,637.0,0.674074074074074,-1558.7321100917434,113.34311926605369,-38.48529411764707,-60.10369670804096
Irun sección 02004,4502004,11976.0,1627.0,1017.0,0.6250768285187461,-3087.7321100917434,-29.65688073394631,341.5147058823529,-59.10369670804096
Donostia/San Sebastián sección 05005,6905005,18290.0,1016.0,681.0,0.6702755905511811,3226.2678899082566,-64.65688073394631,5.514705882352928,-59.10369670804096
Andoain sección 01006,901006,12208.0,920.0,600.0,0.6521739130434783,-2855.7321100917434,-120.65688073394631,-75.48529411764707,-59.10369670804096
Donostia/San Sebastián sección 04001,6904001,22352.0,1041.0,724.0,0.6954851104707013,7288.267889908257,3318.3431192660537,48.51470588235293,-59.10369670804096
Irun sección 03011,4503011,12881.0,825.0,570.0,0.6909090909090909,-2182.7321100917434,-410.6568807339463,-105.48529411764707,-59.10369670804096
Donostia/San Sebastián sección 02007,6902007,25923.0,887.0,647.0,0.7294250281848929,10859.267889908257,1678.3431192660537,-28.485294117647072,-59.10369670804096
Donostia/San Sebastián sección 03025,6903025,19459.0,1773.0,1273.0,0.7179921037789058,4395.267889908257,-199.6568807339463,597.5147058823529,-57.10369670804096
Lasarte-Oria sección 01004,90201004,12550.0,1038.0,693.0,0.6676300578034682,-2513.7321100917434,104.34311926605369,17.514705882352928,-57.10369670804096
Irun sección 03001,4503001,16367.0,1468.0,1031.0,0.702316076294278,1303.2678899082566,2046.3431192660537,355.5147058823529,-56.10369670804096
Donostia/San Sebastián sección 01001,6901001,15287.0,564.0,369.0,0.6542553191489362,223.26788990825662,643.3431192660537,-306.4852941176471,-56.10369670804096
Donostia/San Sebastián sección 02002,6902002,26175.0,1205.0,896.0,0.7435684647302905,11111.267889908257,2933.3431192660537,220.51470588235293,-56.10369670804096
Lasarte-Oria sección 01012,90201012,12664.0,848.0,555.0,0.6544811320754716,-2399.7321100917434,-341.6568807339463,-120.48529411764707,-56.10369670804096
Donostia/San Sebastián sección 04003,6904003,18042.0,836.0,603.0,0.7212918660287081,2978.2678899082566,1283.3431192660537,-72.48529411764707,-55.10369670804096
Errenteria sección 01013,6701013,11662.0,739.0,475.0,0.6427604871447903,-3401.7321100917434,-261.6568807339463,-200.48529411764707,-55.10369670804096
Eibar sección 02004,3002004,13092.0,1002.0,631.0,0.6297405189620758,-1971.7321100917434,-575.6568807339463,-44.48529411764707,-54.10369670804096
Donostia/San Sebastián sección 07028,6907028,12733.0,926.0,615.0,0.6641468682505399,-2330.7321100917434,456.3431192660537,-60.48529411764707,-54.10369670804096
Donostia/San Sebastián sección 04007,6904007,16045.0,1427.0,967.0,0.677645409950946,981.2678899082566,11.34311926605369,291.5147058823529,-54.10369670804096
Donostia/San Sebastián sección 01003,6901003,14445.0,1073.0,693.0,0.6458527493010252,-618.7321100917434,-234.6568807339463,17.514705882352928,-53.10369670804096
Irun sección 02007,4502007,11908.0,1066.0,732.0,0.6866791744840526,-3155.7321100917434,365.3431192660537,56.51470588235293,-53.10369670804096
Irun sección 03004,4503004,9311.0,705.0,398.0,0.5645390070921986,-5752.732110091743,269.3431192660537,-277.4852941176471,-53.10369670804096
Irun sección 03012,4503012,11802.0,1144.0,758.0,0.6625874125874126,-3261.7321100917434,-451.6568807339463,82.51470588235293,-52.10369670804096
Pasaia sección 02002,6402002,11918.0,532.0,342.0,0.6428571428571429,-3145.7321100917434,-177.6568807339463,-333.4852941176471,-52.10369670804096
Aretxabaleta sección 01001,1301001,15663.0,1189.0,803.0,0.6753574432296047,599.2678899082566,-1173.6568807339463,127.51470588235293,-51.10369670804096
Donostia/San Sebastián sección 07021,6907021,10884.0,534.0,333.0,0.6235955056179775,-4179.732110091743,-498.6568807339463,-342.4852941176471,-51.10369670804096
Donostia/San Sebastián sección 04009,6904009,14512.0,888.0,537.0,0.6047297297297297,-551.7321100917434,448.3431192660537,-138.48529411764707,-51.10369670804096
Bergara sección 03002,7403002,13164.0,779.0,520.0,0.6675224646983312,-1899.7321100917434,-1192.6568807339463,-155.48529411764707,-50.10369670804096
Donostia/San Sebastián sección 03029,6903029,18067.0,656.0,490.0,0.7469512195121951,3003.2678899082566,-1319.6568807339463,-185.48529411764707,-49.10369670804096
Pasaia sección 02003,6402003,10788.0,563.0,357.0,0.6341030195381883,-4275.732110091743,166.3431192660537,-318.4852941176471,-49.10369670804096
Lasarte-Oria sección 01008,90201008,12509.0,903.0,617.0,0.6832779623477298,-2554.7321100917434,37.34311926605369,-58.48529411764707,-49.10369670804096
Donostia/San Sebastián sección 03010,6903010,20657.0,856.0,628.0,0.7336448598130841,5593.267889908257,2966.3431192660537,-47.48529411764707,-49.10369670804096
Bergara sección 02002,7402002,14888.0,632.0,435.0,0.6882911392405063,-175.73211009174338,-383.6568807339463,-240.48529411764707,-49.10369670804096
Irun sección 02002,4502002,10423.0,1553.0,926.0,0.5962652929813265,-4640.732110091743,197.3431192660537,250.51470588235293,-48.10369670804096
Donostia/San Sebastián sección 05014,6905014,18449.0,1394.0,964.0,0.6915351506456241,3385.2678899082566,438.3431192660537,288.5147058823529,-47.10369670804096
Donostia/San Sebastián sección 07034,6907034,14497.0,842.0,590.0,0.7007125890736342,-566.7321100917434,-167.6568807339463,-85.48529411764707,-47.10369670804096
Donostia/San Sebastián sección 04006,6904006,19029.0,768.0,518.0,0.6744791666666666,3965.2678899082566,2101.3431192660537,-157.48529411764707,-46.10369670804096
Leintz-Gatzaga sección 01001,6801001,17297.0,190.0,135.0,0.7105263157894737,2233.2678899082566,-1327.6568807339463,-540.4852941176471,-46.10369670804096
Donostia/San Sebastián sección 02001,6902001,24104.0,832.0,615.0,0.7391826923076923,9040.267889908257,-381.6568807339463,-60.48529411764707,-46.10369670804096
Bergara sección 03003,7403003,16525.0,803.0,547.0,0.6811955168119551,1461.2678899082566,1849.3431192660537,-128.48529411764707,-45.10369670804096
Irun sección 03009,4503009,12469.0,1023.0,683.0,0.667644183773216,-2594.7321100917434,-316.6568807339463,7.514705882352928,-44.10369670804096
Azkoitia sección 01002,1701002,12960.0,758.0,494.0,0.6517150395778364,-2103.7321100917434,-269.6568807339463,-181.48529411764707,-44.10369670804096
Donostia/San Sebastián sección 03008,6903008,17863.0,628.0,452.0,0.7197452229299363,2799.2678899082566,846.3431192660537,-223.48529411764707,-44.10369670804096
Errenteria sección 01010,6701010,12598.0,545.0,379.0,0.6954128440366972,-2465.7321100917434,-472.6568807339463,-296.4852941176471,-44.10369670804096
Irun sección 03006,4503006,13709.0,1041.0,686.0,0.6589817483189241,-1354.7321100917434,-113.65688073394631,10.514705882352928,-43.10369670804096
Soraluze-Placencia de las Armas sección 01002,6501002,12783.0,831.0,570.0,0.6859205776173285,-2280.7321100917434,-592.6568807339463,-105.48529411764707,-43.10369670804096
Donostia/San Sebastián sección 06017,6906017,22738.0,884.0,656.0,0.7420814479638009,7674.267889908257,-2074.6568807339463,-19.485294117647072,-43.10369670804096
Andoain sección 01011,901011,13402.0,1184.0,769.0,0.6494932432432432,-1661.7321100917434,11.34311926605369,93.51470588235293,-42.10369670804096
Zumarraga sección 01002,8001002,15755.0,1316.0,888.0,0.6747720364741642,691.2678899082566,-301.6568807339463,212.51470588235293,-42.10369670804096
Donostia/San Sebastián sección 01006,6901006,22571.0,870.0,609.0,0.7,7507.267889908257,-1056.6568807339463,-66.48529411764707,-42.10369670804096
Donostia/San Sebastián sección 01005,6901005,20390.0,781.0,550.0,0.704225352112676,5326.267889908257,-1044.6568807339463,-125.48529411764707,-41.10369670804096
Donostia/San Sebastián sección 07014,6907014,11971.0,1131.0,665.0,0.5879752431476569,-3092.7321100917434,442.3431192660537,-10.485294117647072,-41.10369670804096
Errenteria sección 01016,6701016,10848.0,557.0,348.0,0.6247755834829444,-4215.732110091743,-624.6568807339463,-327.4852941176471,-41.10369670804096
Irun sección 03002,4503002,9770.0,857.0,553.0,0.6452742123687282,-5293.732110091743,-79.65688073394631,-122.48529411764707,-41.10369670804096
Eibar sección 05003,3005003,12204.0,1160.0,781.0,0.6732758620689655,-2859.7321100917434,-74.65688073394631,105.51470588235293,-41.10369670804096
Pasaia sección 04003,6404003,11281.0,598.0,369.0,0.617056856187291,-3782.7321100917434,-785.6568807339463,-306.4852941176471,-41.10369670804096
Donostia/San Sebastián sección 03027,6903027,16554.0,1243.0,899.0,0.7232502011263073,1490.2678899082566,-47.65688073394631,223.51470588235293,-41.10369670804096
Pasaia sección 04005,6404005,10778.0,897.0,491.0,0.5473801560758083,-4285.732110091743,-305.6568807339463,-184.48529411764707,-40.10369670804096
Errenteria sección 01001,6701001,12978.0,508.0,328.0,0.6456692913385826,-2085.7321100917434,360.3431192660537,-347.4852941176471,-40.10369670804096
Donostia/San Sebastián sección 03026,6903026,16995.0,872.0,633.0,0.7259174311926605,1931.2678899082566,-774.6568807339463,-42.48529411764707,-40.10369670804096
Lasarte-Oria sección 01005,90201005,15750.0,563.0,392.0,0.6962699822380106,686.2678899082566,-1062.6568807339463,-283.4852941176471,-40.10369670804096
Irun sección 03014,4503014,11286.0,929.0,552.0,0.5941872981700753,-3777.7321100917434,-325.6568807339463,-123.48529411764707,-39.10369670804096
Donostia/San Sebastián sección 06004,6906004,16244.0,1563.0,1091.0,0.6980166346769033,1180.2678899082566,702.3431192660537,415.5147058823529,-39.10369670804096
Andoain sección 01004,901004,13675.0,798.0,480.0,0.6015037593984962,-1388.7321100917434,-75.65688073394631,-195.48529411764707,-39.10369670804096
Ordizia sección 01002,7601002,12744.0,750.0,477.0,0.636,-2319.7321100917434,-641.6568807339463,-198.48529411764707,-39.10369670804096
Legazpi sección 01007,5101007,14687.0,599.0,407.0,0.679465776293823,-376.7321100917434,38.34311926605369,-268.4852941176471,-39.10369670804096
Hondarribia sección 01007,3601007,17102.0,1381.0,828.0,0.5995655322230268,2038.2678899082566,1175.3431192660537,152.51470588235293,-38.10369670804096
Donostia/San Sebastián sección 07011,6907011,11566.0,793.0,510.0,0.6431273644388399,-3497.7321100917434,-376.6568807339463,-165.48529411764707,-38.10369670804096
Irun sección 04003,4504003,9952.0,1315.0,836.0,0.6357414448669202,-5111.732110091743,133.3431192660537,160.51470588235293,-38.10369670804096
Andoain sección 01008,901008,14814.0,927.0,573.0,0.6181229773462783,-249.73211009174338,-1226.6568807339463,-102.48529411764707,-38.10369670804096
Beizama sección 01001,2001001,13186.0,125.0,71.0,0.568,-1877.7321100917434,910.3431192660537,-604.4852941176471,-37.10369670804096
Donostia/San Sebastián sección 03021,6903021,12365.0,1373.0,941.0,0.685360524399126,-2698.7321100917434,-182.6568807339463,265.5147058823529,-37.10369670804096
Hernani sección 01011,4001011,12392.0,704.0,457.0,0.6491477272727273,-2671.7321100917434,-650.6568807339463,-218.48529411764707,-37.10369670804096
Andoain sección 01009,901009,14051.0,904.0,537.0,0.5940265486725663,-1012.7321100917434,828.3431192660537,-138.48529411764707,-37.10369670804096
Errenteria sección 01028,6701028,11179.0,1462.0,888.0,0.6073871409028728,-3884.7321100917434,-107.65688073394631,212.51470588235293,-37.10369670804096
Errenteria sección 01034,6701034,11992.0,576.0,377.0,0.6545138888888888,-3071.7321100917434,-48.65688073394631,-298.4852941176471,-37.10369670804096
Donostia/San Sebastián sección 03015,6903015,16192.0,831.0,589.0,0.7087845968712395,1128.2678899082566,-430.6568807339463,-86.48529411764707,-36.10369670804096
Donostia/San Sebastián sección 04004,6904004,18834.0,844.0,623.0,0.7381516587677726,3770.2678899082566,783.3431192660537,-52.48529411764707,-36.10369670804096
Olaberria sección 01001,5801001,15759.0,755.0,529.0,0.7006622516556291,695.2678899082566,-235.6568807339463,-146.48529411764707,-36.10369670804096
Donostia/San Sebastián sección 07022,6907022,11423.0,780.0,541.0,0.6935897435897436,-3640.7321100917434,-486.6568807339463,-134.48529411764707,-36.10369670804096
Hondarribia sección 01002,3601002,15313.0,1176.0,771.0,0.6556122448979592,249.26788990825662,383.3431192660537,95.51470588235293,-36.10369670804096
Andoain sección 01001,901001,13630.0,1025.0,684.0,0.6673170731707317,-1433.7321100917434,-876.6568807339463,8.514705882352928,-35.10369670804096
Donostia/San Sebastián sección 04012,6904012,15069.0,1068.0,708.0,0.6629213483146067,5.26788990825662,530.3431192660537,32.51470588235293,-35.10369670804096
Errenteria sección 01002,6701002,13443.0,1209.0,859.0,0.7105045492142267,-1620.7321100917434,-370.6568807339463,183.51470588235293,-35.10369670804096
Donostia/San Sebastián sección 06019,6906019,16874.0,1390.0,983.0,0.7071942446043166,1810.2678899082566,-186.6568807339463,307.5147058823529,-35.10369670804096
Donostia/San Sebastián sección 07003,6907003,18477.0,1089.0,744.0,0.6831955922865014,3413.2678899082566,3682.3431192660537,68.51470588235293,-35.10369670804096
Donostia/San Sebastián sección 07024,6907024,11676.0,1332.0,824.0,0.6186186186186187,-3387.7321100917434,-464.6568807339463,148.51470588235293,-35.10369670804096
Legazpi sección 01004,5101004,15238.0,842.0,574.0,0.6817102137767221,174.26788990825662,-387.6568807339463,-101.48529411764707,-34.10369670804096
Irun sección 04008,4504008,13469.0,902.0,607.0,0.6729490022172949,-1594.7321100917434,276.3431192660537,-68.48529411764707,-34.10369670804096
Donostia/San Sebastián sección 04020,6904020,10785.0,842.0,472.0,0.5605700712589073,-4278.732110091743,450.3431192660537,-203.48529411764707,-34.10369670804096
Donostia/San Sebastián sección 07027,6907027,12680.0,1710.0,1105.0,0.6461988304093568,-2383.7321100917434,202.3431192660537,429.5147058823529,-34.10369670804096
Donostia/San Sebastián sección 06015,6906015,15802.0,835.0,572.0,0.6850299401197605,738.2678899082566,-247.6568807339463,-103.48529411764707,-33.10369670804096
Lasarte-Oria sección 01009,90201009,13634.0,1868.0,1258.0,0.6734475374732334,-1429.7321100917434,-45.65688073394631,582.5147058823529,-33.10369670804096
Gaztelu sección 01001,90701001,13014.0,118.0,85.0,0.7203389830508474,-2049.7321100917434,-544.6568807339463,-590.4852941176471,-33.10369670804096
Pasaia sección 04002,6404002,11563.0,955.0,588.0,0.6157068062827226,-3500.7321100917434,-162.6568807339463,-87.48529411764707,-33.10369670804096
Eibar sección 01004,3001004,14198.0,1258.0,788.0,0.6263910969793323,-865.7321100917434,-206.6568807339463,112.51470588235293,-33.10369670804096
Donostia/San Sebastián sección 06016,6906016,17878.0,1743.0,1206.0,0.6919104991394148,2814.2678899082566,672.3431192660537,530.5147058823529,-33.10369670804096
Lasarte-Oria sección 01010,90201010,11856.0,702.0,465.0,0.6623931623931624,-3207.7321100917434,241.3431192660537,-210.48529411764707,-32.10369670804096
Errenteria sección 01023,6701023,12196.0,1009.0,632.0,0.626362735381566,-2867.7321100917434,-302.6568807339463,-43.48529411764707,-32.10369670804096
Errenteria sección 01008,6701008,10388.0,687.0,404.0,0.5880640465793304,-4675.732110091743,-555.6568807339463,-271.4852941176471,-32.10369670804096
Donostia/San Sebastián sección 06006,6906006,18033.0,948.0,654.0,0.689873417721519,2969.2678899082566,3575.3431192660537,-21.485294117647072,-32.10369670804096
Donostia/San Sebastián sección 05013,6905013,17331.0,1005.0,660.0,0.6567164179104478,2267.2678899082566,517.3431192660537,-15.485294117647072,-31.103696708040957
Errenteria sección 01003,6701003,12853.0,688.0,468.0,0.6802325581395349,-2210.7321100917434,-252.6568807339463,-207.48529411764707,-31.103696708040957
Zumarraga sección 01006,8001006,13569.0,1226.0,842.0,0.6867862969004894,-1494.7321100917434,-1302.6568807339463,166.51470588235293,-31.103696708040957
Beasain sección 01001,1901001,11596.0,786.0,446.0,0.5674300254452926,-3467.7321100917434,161.3431192660537,-229.48529411764707,-31.103696708040957
Eibar sección 05001,3005001,13232.0,1003.0,661.0,0.6590229312063809,-1831.7321100917434,-1615.6568807339463,-14.485294117647072,-31.103696708040957
Irun sección 04007,4504007,13070.0,726.0,445.0,0.6129476584022039,-1993.7321100917434,-345.6568807339463,-230.48529411764707,-30.103696708040957
Altzaga sección 01001,90601001,13192.0,119.0,87.0,0.7310924369747899,-1871.7321100917434,-516.6568807339463,-588.4852941176471,-30.103696708040957
Donostia/San Sebastián sección 03011,6903011,17730.0,996.0,695.0,0.6977911646586346,2666.2678899082566,237.3431192660537,19.514705882352928,-30.103696708040957
Donostia/San Sebastián sección 03017,6903017,15564.0,1205.0,886.0,0.7352697095435685,500.2678899082566,13.34311926605369,210.51470588235293,-29.103696708040957
Donostia/San Sebastián sección 07017,6907017,12173.0,1015.0,627.0,0.6177339901477833,-2890.7321100917434,-381.6568807339463,-48.48529411764707,-29.103696708040957
Donostia/San Sebastián sección 07032,6907032,12244.0,757.0,455.0,0.6010568031704095,-2819.7321100917434,-675.6568807339463,-220.48529411764707,-29.103696708040957
Soraluze-Placencia de las Armas sección 02001,6502001,13508.0,1151.0,726.0,0.630755864465682,-1555.7321100917434,-267.6568807339463,50.51470588235293,-29.103696708040957
Irun sección 02009,4502009,13676.0,782.0,550.0,0.7033248081841432,-1387.7321100917434,-611.6568807339463,-125.48529411764707,-29.103696708040957
Hondarribia sección 01010,3601010,10457.0,593.0,346.0,0.5834738617200674,-4606.732110091743,725.3431192660537,-329.4852941176471,-29.103696708040957
Donostia/San Sebastián sección 07004,6907004,12652.0,664.0,406.0,0.6114457831325302,-2411.7321100917434,-136.6568807339463,-269.4852941176471,-29.103696708040957
Donostia/San Sebastián sección 04008,6904008,14770.0,1289.0,800.0,0.6206361520558572,-293.7321100917434,-437.6568807339463,124.51470588235293,-29.103696708040957
Legazpi sección 01001,5101001,16355.0,1166.0,807.0,0.6921097770154374,1291.2678899082566,-1389.6568807339463,131.51470588235293,-28.103696708040957
Berrobi sección 01001,2301001,13635.0,441.0,252.0,0.5714285714285714,-1428.7321100917434,-350.6568807339463,-423.4852941176471,-28.103696708040957
Donostia/San Sebastián sección 07005,6907005,12240.0,1015.0,627.0,0.6177339901477833,-2823.7321100917434,553.3431192660537,-48.48529411764707,-28.103696708040957
Eibar sección 03003,3003003,15803.0,785.0,533.0,0.6789808917197452,739.2678899082566,-941.6568807339463,-142.48529411764707,-28.103696708040957
Usurbil sección 01002,7301002,13069.0,861.0,509.0,0.5911730545876888,-1994.7321100917434,185.3431192660537,-166.48529411764707,-27.103696708040957
Donostia/San Sebastián sección 03007,6903007,15819.0,547.0,395.0,0.7221206581352834,755.2678899082566,471.3431192660537,-280.4852941176471,-27.103696708040957
Hernani sección 01001,4001001,12402.0,715.0,467.0,0.6531468531468532,-2661.7321100917434,-5.656880733946309,-208.48529411764707,-27.103696708040957
Elgoibar sección 01001,3201001,14181.0,1163.0,774.0,0.6655202063628547,-882.7321100917434,35.34311926605369,98.51470588235293,-27.103696708040957
Donostia/San Sebastián sección 03009,6903009,17135.0,811.0,560.0,0.6905055487053021,2071.2678899082566,3279.3431192660537,-115.48529411764707,-27.103696708040957
Donostia/San Sebastián sección 03022,6903022,14578.0,616.0,446.0,0.724025974025974,-485.7321100917434,-489.6568807339463,-229.48529411764707,-27.103696708040957
Beasain sección 01004,1901004,19349.0,1245.0,784.0,0.629718875502008,4285.267889908257,-3876.6568807339463,108.51470588235293,-27.103696708040957
Ordizia sección 01001,7601001,13562.0,777.0,559.0,0.7194337194337195,-1501.7321100917434,-741.6568807339463,-116.48529411764707,-27.103696708040957
Elgoibar sección 01002,3201002,14260.0,904.0,576.0,0.6371681415929203,-803.7321100917434,847.3431192660537,-99.48529411764707,-27.103696708040957
Errenteria sección 01017,6701017,12243.0,696.0,432.0,0.6206896551724138,-2820.7321100917434,205.3431192660537,-243.48529411764707,-27.103696708040957
Arrasate/Mondragón sección 04003,5504003,15178.0,1193.0,726.0,0.6085498742665549,114.26788990825662,-817.6568807339463,50.51470588235293,-26.103696708040957
Legazpi sección 01006,5101006,15669.0,658.0,446.0,0.6778115501519757,605.2678899082566,-596.6568807339463,-229.48529411764707,-26.103696708040957
Leaburu sección 01001,5001001,13343.0,266.0,170.0,0.6390977443609023,-1720.7321100917434,72.34311926605369,-505.4852941176471,-26.103696708040957
Zizurkil sección 01002,2801002,12005.0,810.0,451.0,0.5567901234567901,-3058.7321100917434,57.34311926605369,-224.48529411764707,-26.103696708040957
Donostia/San Sebastián sección 04019,6904019,16913.0,697.0,484.0,0.6944045911047346,1849.2678899082566,177.3431192660537,-191.48529411764707,-26.103696708040957
Belauntza sección 01001,2101001,15179.0,200.0,100.0,0.5,115.26788990825662,-1134.6568807339463,-575.4852941176471,-26.103696708040957
Arama sección 01001,1201001,18643.0,147.0,99.0,0.673469387755102,3579.2678899082566,-1398.6568807339463,-576.4852941176471,-25.103696708040957
Eibar sección 01005,3001005,12360.0,1059.0,690.0,0.6515580736543909,-2703.7321100917434,-691.6568807339463,14.514705882352928,-25.103696708040957
Gaintza sección 01001,3701001,14764.0,99.0,64.0,0.6464646464646465,-299.7321100917434,976.3431192660537,-611.4852941176471,-25.103696708040957
Donostia/San Sebastián sección 06018,6906018,26391.0,1529.0,1160.0,0.7586657946370177,11327.267889908257,-448.6568807339463,484.5147058823529,-25.103696708040957
Arrasate/Mondragón sección 02002,5502002,13286.0,976.0,573.0,0.5870901639344263,-1777.7321100917434,-239.6568807339463,-102.48529411764707,-25.103696708040957
Altzo sección 01001,701001,14241.0,310.0,218.0,0.7032258064516129,-822.7321100917434,358.3431192660537,-457.4852941176471,-25.103696708040957
Donostia/San Sebastián sección 06021,6906021,20550.0,1421.0,1037.0,0.7297677691766362,5486.267889908257,-107.65688073394631,361.5147058823529,-25.103696708040957
Andoain sección 01005,901005,13095.0,945.0,615.0,0.6507936507936508,-1968.7321100917434,-431.6568807339463,-60.48529411764707,-25.103696708040957
Zumarraga sección 01007,8001007,16326.0,517.0,298.0,0.5764023210831721,1262.2678899082566,-1059.6568807339463,-377.4852941176471,-25.103696708040957
Donostia/San Sebastián sección 05002,6905002,16280.0,1089.0,768.0,0.7052341597796143,1216.2678899082566,2861.3431192660537,92.51470588235293,-24.103696708040957
Donostia/San Sebastián sección 07025,6907025,10832.0,520.0,312.0,0.6,-4231.732110091743,-779.6568807339463,-363.4852941176471,-24.103696708040957
Itsasondo sección 01001,4701001,13262.0,469.0,307.0,0.6545842217484008,-1801.7321100917434,-381.6568807339463,-368.4852941176471,-23.103696708040957
Donostia/San Sebastián sección 02004,6902004,24336.0,960.0,697.0,0.7260416666666667,9272.267889908257,4271.343119266054,21.514705882352928,-23.103696708040957
Elgoibar sección 01006,3201006,14098.0,831.0,520.0,0.6257521058965102,-965.7321100917434,-934.6568807339463,-155.48529411764707,-23.103696708040957
Andoain sección 01007,901007,13657.0,974.0,639.0,0.6560574948665298,-1406.7321100917434,-136.6568807339463,-36.48529411764707,-23.103696708040957
Beasain sección 01008,1901008,15010.0,522.0,372.0,0.7126436781609196,-53.73211009174338,-707.6568807339463,-303.4852941176471,-23.103696708040957
Donostia/San Sebastián sección 07030,6907030,12162.0,1148.0,721.0,0.6280487804878049,-2901.7321100917434,-296.6568807339463,45.51470588235293,-23.103696708040957
Astigarraga sección 01003,90301003,13523.0,1719.0,1097.0,0.6381617219313555,-1540.7321100917434,608.3431192660537,421.5147058823529,-23.103696708040957
Donostia/San Sebastián sección 03006,6903006,12690.0,624.0,405.0,0.6490384615384616,-2373.7321100917434,365.3431192660537,-270.4852941176471,-22.103696708040957
Villabona sección 01002,7501002,12601.0,1301.0,809.0,0.6218293620292084,-2462.7321100917434,-319.6568807339463,133.51470588235293,-22.103696708040957
Donostia/San Sebastián sección 03016,6903016,17665.0,861.0,640.0,0.743321718931475,2601.2678899082566,-1216.6568807339463,-35.48529411764707,-22.103696708040957
Donostia/San Sebastián sección 07010,6907010,16862.0,915.0,646.0,0.7060109289617487,1798.2678899082566,-389.6568807339463,-29.485294117647072,-22.103696708040957
Orexa sección 01001,6001001,13490.0,88.0,67.0,0.7613636363636364,-1573.7321100917434,-729.6568807339463,-608.4852941176471,-22.103696708040957
Beasain sección 01009,1901009,14127.0,982.0,575.0,0.5855397148676171,-936.7321100917434,-475.6568807339463,-100.48529411764707,-22.103696708040957
Legazpi sección 01003,5101003,14399.0,810.0,546.0,0.674074074074074,-664.7321100917434,125.34311926605369,-129.48529411764707,-22.103696708040957
Lizartza sección 01001,5401001,13415.0,447.0,286.0,0.639821029082774,-1648.7321100917434,-87.65688073394631,-389.4852941176471,-22.103696708040957
Donostia/San Sebastián sección 03014,6903014,16117.0,690.0,475.0,0.6884057971014492,1053.2678899082566,-1087.6568807339463,-200.48529411764707,-21.103696708040957
Hernani sección 01014,4001014,12874.0,697.0,390.0,0.5595408895265424,-2189.7321100917434,104.34311926605369,-285.4852941176471,-21.103696708040957
Irun sección 03016,4503016,9104.0,572.0,335.0,0.5856643356643356,-5959.732110091743,-720.6568807339463,-340.4852941176471,-21.103696708040957
Arrasate/Mondragón sección 01002,5501002,17226.0,994.0,693.0,0.6971830985915493,2162.2678899082566,2029.3431192660537,17.514705882352928,-21.103696708040957
Donostia/San Sebastián sección 07026,6907026,12903.0,634.0,398.0,0.6277602523659306,-2160.7321100917434,735.3431192660537,-277.4852941176471,-20.103696708040957
Eibar sección 05004,3005004,14142.0,926.0,590.0,0.6371490280777538,-921.7321100917434,-656.6568807339463,-85.48529411764707,-20.103696708040957
Donostia/San Sebastián sección 05001,6905001,20486.0,869.0,627.0,0.7215189873417721,5422.267889908257,2175.3431192660537,-48.48529411764707,-20.103696708040957
Soraluze-Placencia de las Armas sección 01001,6501001,14580.0,1030.0,689.0,0.6689320388349514,-483.7321100917434,-361.6568807339463,13.514705882352928,-20.103696708040957
Donostia/San Sebastián sección 07016,6907016,11842.0,770.0,475.0,0.6168831168831169,-3221.7321100917434,-299.6568807339463,-200.48529411764707,-20.103696708040957
Eibar sección 02001,3002001,13981.0,853.0,543.0,0.6365767878077374,-1082.7321100917434,-586.6568807339463,-132.48529411764707,-20.103696708040957
Zumarraga sección 01008,8001008,14415.0,794.0,525.0,0.6612090680100756,-648.7321100917434,-776.6568807339463,-150.48529411764707,-20.103696708040957
Alkiza sección 01001,601001,13245.0,259.0,143.0,0.5521235521235521,-1818.7321100917434,-126.65688073394631,-532.4852941176471,-19.103696708040957
Eibar sección 03004,3003004,14883.0,665.0,438.0,0.6586466165413534,-180.73211009174338,295.3431192660537,-237.48529411764707,-18.103696708040957
Larraul sección 01001,4801001,13075.0,182.0,100.0,0.5494505494505495,-1988.7321100917434,-239.6568807339463,-575.4852941176471,-18.103696708040957
Errenteria sección 01007,6701007,10848.0,757.0,482.0,0.6367239101717305,-4215.732110091743,-614.6568807339463,-193.48529411764707,-18.103696708040957
Donostia/San Sebastián sección 03024,6903024,17857.0,1103.0,743.0,0.6736174070716229,2793.2678899082566,-83.65688073394631,67.51470588235293,-18.103696708040957
Baliarrain sección 01001,90401001,13470.0,95.0,44.0,0.4631578947368421,-1593.7321100917434,303.3431192660537,-631.4852941176471,-18.103696708040957
Albiztur sección 01001,401001,16226.0,252.0,121.0,0.4801587301587302,1162.2678899082566,-909.6568807339463,-554.4852941176471,-18.103696708040957
Donostia/San Sebastián sección 06024,6906024,24833.0,1457.0,1062.0,0.728894989704873,9769.267889908257,1353.3431192660537,386.5147058823529,-17.103696708040957
Donostia/San Sebastián sección 03002,6903002,29364.0,746.0,531.0,0.7117962466487936,14300.267889908257,-7658.656880733946,-144.48529411764707,-17.103696708040957
Pasaia sección 04001,6404001,11641.0,860.0,549.0,0.6383720930232558,-3422.7321100917434,-61.65688073394631,-126.48529411764707,-17.103696708040957
Elgoibar sección 01008,3201008,13784.0,919.0,599.0,0.6517954298150164,-1279.7321100917434,-456.6568807339463,-76.48529411764707,-17.103696708040957
Donostia/San Sebastián sección 04011,6904011,15342.0,865.0,588.0,0.6797687861271676,278.2678899082566,-141.6568807339463,-87.48529411764707,-17.103696708040957
Oñati sección 01001,5901001,19342.0,984.0,687.0,0.698170731707317,4278.267889908257,-1095.6568807339463,11.514705882352928,-17.103696708040957
Tolosa sección 03002,7103002,13198.0,1065.0,688.0,0.6460093896713615,-1865.7321100917434,201.3431192660537,12.514705882352928,-16.103696708040957
Donostia/San Sebastián sección 07023,6907023,11681.0,1068.0,602.0,0.5636704119850188,-3382.7321100917434,-371.6568807339463,-73.48529411764707,-16.103696708040957
Donostia/San Sebastián sección 05011,6905011,18609.0,575.0,391.0,0.68,3545.2678899082566,-1223.6568807339463,-284.4852941176471,-16.103696708040957
Donostia/San Sebastián sección 05007,6905007,16219.0,643.0,403.0,0.6267496111975117,1155.2678899082566,-132.6568807339463,-272.4852941176471,-16.103696708040957
Eibar sección 04004,3004004,17509.0,540.0,401.0,0.7425925925925926,2445.2678899082566,-400.6568807339463,-274.4852941176471,-15.103696708040957
Irun sección 02006,4502006,14376.0,1084.0,765.0,0.705719557195572,-687.7321100917434,194.3431192660537,89.51470588235293,-15.103696708040957
Donostia/San Sebastián sección 06029,6906029,15995.0,1154.0,793.0,0.6871750433275563,931.2678899082566,1163.3431192660537,117.51470588235293,-15.103696708040957
Donostia/San Sebastián sección 06001,6906001,29364.0,838.0,609.0,0.7267303102625299,14300.267889908257,1476.3431192660537,-66.48529411764707,-15.103696708040957
Donostia/San Sebastián sección 05012,6905012,18992.0,1503.0,1045.0,0.6952761144377911,3928.2678899082566,-1203.6568807339463,369.5147058823529,-15.103696708040957
Antzuola sección 01001,1101001,16832.0,1658.0,1219.0,0.7352231604342582,1768.2678899082566,-85.65688073394631,543.5147058823529,-15.103696708040957
Donostia/San Sebastián sección 01007,6901007,14924.0,606.0,398.0,0.6567656765676567,-139.73211009174338,432.3431192660537,-277.4852941176471,-15.103696708040957
Lezo sección 01003,5301003,11995.0,1099.0,611.0,0.5559599636032757,-3068.7321100917434,-63.65688073394631,-64.48529411764707,-15.103696708040957
Urretxu sección 01004,7701004,17729.0,694.0,488.0,0.7031700288184438,2665.2678899082566,-2711.6568807339463,-187.48529411764707,-15.103696708040957
Donostia/San Sebastián sección 05004,6905004,16404.0,770.0,503.0,0.6532467532467533,1340.2678899082566,-229.6568807339463,-172.48529411764707,-15.103696708040957
Tolosa sección 01001,7101001,13590.0,551.0,341.0,0.6188747731397459,-1473.7321100917434,-772.6568807339463,-334.4852941176471,-15.103696708040957
Lezo sección 01002,5301002,13198.0,842.0,558.0,0.66270783847981,-1865.7321100917434,48.34311926605369,-117.48529411764707,-14.103696708040957
Hernani sección 01012,4001012,13673.0,762.0,482.0,0.6325459317585301,-1390.7321100917434,-104.65688073394631,-193.48529411764707,-14.103696708040957
Ibarra sección 01002,4201002,12450.0,1129.0,686.0,0.6076173604960142,-2613.7321100917434,-7.656880733946309,10.514705882352928,-14.103696708040957
Errenteria sección 01030,6701030,14776.0,869.0,605.0,0.6962025316455697,-287.7321100917434,-288.6568807339463,-70.48529411764707,-14.103696708040957
Oñati sección 01003,5901003,17262.0,927.0,620.0,0.668824163969795,2198.2678899082566,-1508.6568807339463,-55.48529411764707,-14.103696708040957
Tolosa sección 02003,7102003,12924.0,780.0,450.0,0.5769230769230769,-2139.7321100917434,-191.6568807339463,-225.48529411764707,-13.103696708040957
Irun sección 01003,4501003,14352.0,1612.0,1086.0,0.673697270471464,-711.7321100917434,299.3431192660537,410.5147058823529,-13.103696708040957
Irun sección 04009,4504009,14888.0,939.0,593.0,0.6315228966986155,-175.73211009174338,212.3431192660537,-82.48529411764707,-12.103696708040957
Donostia/San Sebastián sección 06005,6906005,16363.0,1330.0,950.0,0.7142857142857143,1299.2678899082566,-231.6568807339463,274.5147058823529,-12.103696708040957
Eibar sección 04006,3004006,14075.0,780.0,510.0,0.6538461538461539,-988.7321100917434,-499.6568807339463,-165.48529411764707,-12.103696708040957
Donostia/San Sebastián sección 05010,6905010,20830.0,911.0,647.0,0.7102085620197585,5766.267889908257,-1509.6568807339463,-28.485294117647072,-11.103696708040957
Pasaia sección 01002,6401002,12590.0,1089.0,648.0,0.5950413223140496,-2473.7321100917434,431.3431192660537,-27.485294117647072,-11.103696708040957
Pasaia sección 03001,6403001,11782.0,1319.0,853.0,0.6467020470053071,-3281.7321100917434,-150.6568807339463,177.51470588235293,-11.103696708040957
Arrasate/Mondragón sección 01004,5501004,18556.0,860.0,552.0,0.641860465116279,3492.2678899082566,-2136.6568807339463,-123.48529411764707,-11.103696708040957
Hernialde sección 01001,4101001,14444.0,255.0,123.0,0.4823529411764706,-619.7321100917434,-25.65688073394631,-552.4852941176471,-10.103696708040957
Pasaia sección 01001,6401001,13672.0,680.0,432.0,0.6352941176470588,-1391.7321100917434,-492.6568807339463,-243.48529411764707,-10.103696708040957
Irun sección 01001,4501001,14033.0,1755.0,1181.0,0.672934472934473,-1030.7321100917434,-360.6568807339463,505.5147058823529,-10.103696708040957
Donostia/San Sebastián sección 06030,6906030,16883.0,1180.0,817.0,0.6923728813559322,1819.2678899082566,1906.3431192660537,141.51470588235293,-10.103696708040957
Hernani sección 01009,4001009,13221.0,481.0,284.0,0.5904365904365905,-1842.7321100917434,1375.3431192660537,-391.4852941176471,-9.103696708040957
Donostia/San Sebastián sección 04010,6904010,14778.0,1446.0,1022.0,0.706777316735823,-285.7321100917434,-253.6568807339463,346.5147058823529,-9.103696708040957
Arrasate/Mondragón sección 03001,5503001,15214.0,721.0,470.0,0.651872399445215,150.26788990825662,-1173.6568807339463,-205.48529411764707,-9.103696708040957
Donostia/San Sebastián sección 07009,6907009,13541.0,585.0,340.0,0.5811965811965812,-1522.7321100917434,102.34311926605369,-335.4852941176471,-9.103696708040957
Legazpi sección 01005,5101005,14046.0,987.0,651.0,0.6595744680851063,-1017.7321100917434,-775.6568807339463,-24.485294117647072,-9.103696708040957
Ataun sección 01001,1501001,14848.0,1265.0,858.0,0.6782608695652174,-215.73211009174338,-144.6568807339463,182.51470588235293,-8.103696708040957
Errenteria sección 01026,6701026,11656.0,1260.0,773.0,0.6134920634920635,-3407.7321100917434,-381.6568807339463,97.51470588235293,-8.103696708040957
Donostia/San Sebastián sección 01002,6901002,21944.0,665.0,440.0,0.6616541353383458,6880.267889908257,-4179.656880733946,-235.48529411764707,-8.103696708040957
Donostia/San Sebastián sección 04017,6904017,13570.0,1042.0,645.0,0.6190019193857965,-1493.7321100917434,74.34311926605369,-30.485294117647072,-8.103696708040957
Ordizia sección 01006,7601006,12400.0,1237.0,760.0,0.6143896523848019,-2663.7321100917434,173.3431192660537,84.51470588235293,-8.103696708040957
Orendain sección 01001,90501001,14906.0,145.0,100.0,0.6896551724137931,-157.73211009174338,-161.6568807339463,-575.4852941176471,-7.103696708040957
Tolosa sección 02005,7102005,18802.0,897.0,631.0,0.7034559643255296,3738.2678899082566,135.3431192660537,-44.48529411764707,-7.103696708040957
Elduain sección 01001,3101001,14530.0,176.0,90.0,0.5113636363636364,-533.7321100917434,38.34311926605369,-585.4852941176471,-7.103696708040957
Donostia/San Sebastián sección 04018,6904018,14205.0,1133.0,757.0,0.6681376875551632,-858.7321100917434,-132.6568807339463,81.51470588235293,-7.103696708040957
Oiartzun sección 01003,6301003,14267.0,1117.0,726.0,0.6499552372426142,-796.7321100917434,-482.6568807339463,50.51470588235293,-6.103696708040957
Usurbil sección 01004,7301004,15845.0,593.0,402.0,0.6779089376053963,781.2678899082566,-428.6568807339463,-273.4852941176471,-6.103696708040957
Ezkio-Itsaso sección 01001,3501001,17387.0,486.0,337.0,0.6934156378600823,2323.2678899082566,-1176.6568807339463,-338.4852941176471,-6.103696708040957
Hernani sección 01006,4001006,12308.0,694.0,436.0,0.6282420749279539,-2755.7321100917434,-393.6568807339463,-239.48529411764707,-6.103696708040957
Eibar sección 01003,3001003,16751.0,859.0,585.0,0.681024447031432,1687.2678899082566,76.34311926605369,-90.48529411764707,-5.103696708040957
Donostia/San Sebastián sección 02006,6902006,22625.0,913.0,647.0,0.7086527929901424,7561.267889908257,2926.3431192660537,-28.485294117647072,-5.103696708040957
Ikaztegieta sección 01001,4401001,15444.0,367.0,236.0,0.6430517711171662,380.2678899082566,-2769.6568807339463,-439.4852941176471,-5.103696708040957
Donostia/San Sebastián sección 06007,6906007,29364.0,1684.0,1230.0,0.7304038004750594,14300.267889908257,1476.3431192660537,554.5147058823529,-4.103696708040957
Zumarraga sección 01001,8001001,15701.0,878.0,616.0,0.7015945330296127,637.2678899082566,-295.6568807339463,-59.48529411764707,-4.103696708040957
Hernani sección 01004,4001004,14059.0,1398.0,891.0,0.6373390557939914,-1004.7321100917434,-12.65688073394631,215.51470588235293,-4.103696708040957
Donostia/San Sebastián sección 04015,6904015,12263.0,974.0,589.0,0.6047227926078029,-2800.7321100917434,156.3431192660537,-86.48529411764707,-4.103696708040957
Donostia/San Sebastián sección 04014,6904014,15303.0,1272.0,766.0,0.6022012578616353,239.26788990825662,526.3431192660537,90.51470588235293,-4.103696708040957
Zegama sección 01001,2501001,15455.0,1143.0,765.0,0.6692913385826772,391.2678899082566,-267.6568807339463,89.51470588235293,-4.103696708040957
Mutiloa sección 01001,5701001,16823.0,196.0,122.0,0.6224489795918368,1759.2678899082566,851.3431192660537,-553.4852941176471,-4.103696708040957
Eibar sección 05002,3005002,18436.0,687.0,467.0,0.6797671033478894,3372.2678899082566,-2257.6568807339463,-208.48529411764707,-4.103696708040957
Bergara sección 03001,7403001,15660.0,1125.0,731.0,0.6497777777777778,596.2678899082566,61.34311926605369,55.51470588235293,-4.103696708040957
Donostia/San Sebastián sección 06009,6906009,26264.0,629.0,392.0,0.6232114467408585,11200.267889908257,-5388.656880733946,-283.4852941176471,-3.1036967080409568
Errenteria sección 01019,6701019,12601.0,1620.0,1021.0,0.6302469135802469,-2462.7321100917434,180.3431192660537,345.5147058823529,-3.1036967080409568
Donostia/San Sebastián sección 07006,6907006,14401.0,1018.0,708.0,0.6954813359528488,-662.7321100917434,623.3431192660537,32.51470588235293,-3.1036967080409568
Arrasate/Mondragón sección 03003,5503003,13321.0,778.0,423.0,0.5437017994858612,-1742.7321100917434,-1110.6568807339463,-252.48529411764707,-3.1036967080409568
Mutriku sección 01002,5601002,13562.0,1273.0,872.0,0.6849960722702279,-1501.7321100917434,342.3431192660537,196.51470588235293,-3.1036967080409568
Zerain sección 01001,2601001,17448.0,197.0,145.0,0.7360406091370558,2384.2678899082566,104.34311926605369,-530.4852941176471,-3.1036967080409568
Oñati sección 01002,5901002,17648.0,786.0,549.0,0.6984732824427481,2584.2678899082566,-1056.6568807339463,-126.48529411764707,-3.1036967080409568
Eibar sección 04005,3004005,14295.0,772.0,469.0,0.6075129533678757,-768.7321100917434,-726.6568807339463,-206.48529411764707,-3.1036967080409568
Tolosa sección 02004,7102004,16791.0,925.0,623.0,0.6735135135135135,1727.2678899082566,108.34311926605369,-52.48529411764707,-3.1036967080409568
Donostia/San Sebastián sección 03001,6903001,23554.0,754.0,556.0,0.7374005305039788,8490.267889908257,130.3431192660537,-119.48529411764707,-3.1036967080409568
Lazkao sección 01001,4901001,15522.0,1518.0,1006.0,0.6627140974967062,458.2678899082566,-912.6568807339463,330.5147058823529,-2.1036967080409568
Donostia/San Sebastián sección 03019,6903019,18081.0,1758.0,1304.0,0.7417519908987485,3017.2678899082566,407.3431192660537,628.5147058823529,-2.1036967080409568
Errenteria sección 01035,6701035,14475.0,633.0,436.0,0.688783570300158,-588.7321100917434,386.3431192660537,-239.48529411764707,-2.1036967080409568
Errenteria sección 01018,6701018,14537.0,623.0,331.0,0.5313001605136437,-526.7321100917434,1697.3431192660537,-344.4852941176471,-1.1036967080409568
Aia sección 01002,1601002,13802.0,662.0,396.0,0.5981873111782477,-1261.7321100917434,-491.6568807339463,-279.4852941176471,-1.1036967080409568
Eibar sección 01002,3001002,17177.0,1116.0,732.0,0.6559139784946236,2113.2678899082566,1878.3431192660537,56.51470588235293,-1.1036967080409568
Tolosa sección 01003,7101003,12966.0,834.0,524.0,0.6282973621103117,-2097.7321100917434,-0.6568807339463092,-151.48529411764707,-1.1036967080409568
Donostia/San Sebastián sección 06023,6906023,14973.0,1279.0,855.0,0.6684910086004691,-90.73211009174338,527.3431192660537,179.51470588235293,-1.1036967080409568
Donostia/San Sebastián sección 05003,6905003,15924.0,821.0,583.0,0.7101096224116931,860.2678899082566,881.3431192660537,-92.48529411764707,-0.10369670804095676
Abaltzisketa sección 01001,101001,14209.0,246.0,133.0,0.540650406504065,-854.7321100917434,1614.3431192660537,-542.4852941176471,-0.10369670804095676
Donostia/San Sebastián sección 06003,6906003,14620.0,1033.0,694.0,0.6718296224588577,-443.7321100917434,428.3431192660537,18.514705882352928,0.8963032919590432
Ibarra sección 01001,4201001,13336.0,1227.0,741.0,0.6039119804400978,-1727.7321100917434,-122.65688073394631,65.51470588235293,0.8963032919590432
Aduna sección 01001,201001,15485.0,346.0,203.0,0.5867052023121387,421.2678899082566,-2.656880733946309,-472.4852941176471,0.8963032919590432
Aia sección 01001,1601001,12708.0,858.0,430.0,0.5011655011655012,-2355.7321100917434,339.3431192660537,-245.48529411764707,1.8963032919590432
Urretxu sección 01001,7701001,14943.0,653.0,444.0,0.6799387442572741,-120.73211009174338,-34.65688073394631,-231.48529411764707,1.8963032919590432
Tolosa sección 01002,7101002,12174.0,536.0,307.0,0.5727611940298507,-2889.7321100917434,567.3431192660537,-368.4852941176471,1.8963032919590432
Donostia/San Sebastián sección 06012,6906012,15341.0,1399.0,946.0,0.6761972837741244,277.2678899082566,212.3431192660537,270.5147058823529,1.8963032919590432
Gabiria sección 01001,3801001,17007.0,387.0,261.0,0.6744186046511628,1943.2678899082566,-122.65688073394631,-414.4852941176471,2.8963032919590432
Oñati sección 01004,5901004,16125.0,868.0,598.0,0.6889400921658986,1061.2678899082566,-527.6568807339463,-77.48529411764707,2.8963032919590432
Irun sección 03003,4503003,10237.0,852.0,531.0,0.6232394366197183,-4826.732110091743,-24.65688073394631,-144.48529411764707,2.8963032919590432
Bidania-Goiatz sección 01001,2401001,12945.0,386.0,210.0,0.5440414507772021,-2118.7321100917434,353.3431192660537,-465.4852941176471,4.896303291959043
Bergara sección 01003,7401003,15887.0,625.0,449.0,0.7184,823.2678899082566,263.3431192660537,-226.48529411764707,4.896303291959043
Ormaiztegi sección 01001,6201001,16989.0,973.0,653.0,0.671120246659815,1925.2678899082566,-859.6568807339463,-22.485294117647072,4.896303291959043
Pasaia sección 02001,6402001,15533.0,619.0,388.0,0.6268174474959612,469.2678899082566,-799.6568807339463,-287.4852941176471,4.896303291959043
Irun sección 02008,4502008,11143.0,1509.0,971.0,0.6434724983432737,-3920.7321100917434,338.3431192660537,295.5147058823529,5.896303291959043
Bergara sección 01001,7401001,16357.0,1319.0,884.0,0.6702047005307051,1293.2678899082566,-915.6568807339463,208.51470588235293,5.896303291959043
Hondarribia sección 01005,3601005,16181.0,1319.0,891.0,0.6755117513267627,1117.2678899082566,-14.65688073394631,215.51470588235293,6.896303291959043
Pasaia sección 03003,6403003,12527.0,1168.0,764.0,0.6541095890410958,-2536.7321100917434,-261.6568807339463,88.51470588235293,6.896303291959043
Errenteria sección 01009,6701009,13678.0,1240.0,790.0,0.6370967741935484,-1385.7321100917434,-138.6568807339463,114.51470588235293,6.896303291959043
Bergara sección 01005,7401005,20045.0,1425.0,1051.0,0.7375438596491228,4981.267889908257,251.3431192660537,375.5147058823529,6.896303291959043
Donostia/San Sebastián sección 05006,6905006,17954.0,755.0,504.0,0.6675496688741722,2890.2678899082566,-567.6568807339463,-171.48529411764707,7.896303291959043
Donostia/San Sebastián sección 04002,6904002,20991.0,848.0,598.0,0.7051886792452831,5927.267889908257,1498.3431192660537,-77.48529411764707,7.896303291959043
Donostia/San Sebastián sección 07018,6907018,12532.0,1837.0,1133.0,0.6167664670658682,-2531.7321100917434,151.3431192660537,457.5147058823529,7.896303291959043
Urretxu sección 01005,7701005,14541.0,753.0,497.0,0.6600265604249668,-522.7321100917434,-311.6568807339463,-178.48529411764707,8.896303291959043
Elgoibar sección 01007,3201007,17286.0,1043.0,724.0,0.6941514860977949,2222.2678899082566,-547.6568807339463,48.51470588235293,8.896303291959043
Elgoibar sección 01004,3201004,13058.0,622.0,375.0,0.6028938906752411,-2005.7321100917434,221.3431192660537,-300.4852941176471,8.896303291959043
Beasain sección 01005,1901005,15717.0,1586.0,1016.0,0.6406052963430012,653.2678899082566,-240.6568807339463,340.5147058823529,9.896303291959043
Bergara sección 02001,7402001,15734.0,724.0,506.0,0.6988950276243094,670.2678899082566,-240.6568807339463,-169.48529411764707,9.896303291959043
Azpeitia sección 01003,1801003,14262.0,1254.0,795.0,0.6339712918660287,-801.7321100917434,-446.6568807339463,119.51470588235293,9.896303291959043
Oiartzun sección 01006,6301006,15298.0,1004.0,653.0,0.650398406374502,234.26788990825662,-372.6568807339463,-22.485294117647072,10.896303291959043
Urnieta sección 01001,7201001,12898.0,949.0,583.0,0.6143308746048473,-2165.7321100917434,299.3431192660537,-92.48529411764707,10.896303291959043
Irun sección 01004,4501004,13918.0,1113.0,786.0,0.706199460916442,-1145.7321100917434,257.3431192660537,110.51470588235293,10.896303291959043
Ibarra sección 01003,4201003,15310.0,872.0,540.0,0.6192660550458715,246.26788990825662,-468.6568807339463,-135.48529411764707,11.896303291959043
Errenteria sección 01004,6701004,12838.0,1723.0,1098.0,0.6372605919907138,-2225.7321100917434,166.3431192660537,422.5147058823529,11.896303291959043
Lazkao sección 01002,4901002,14437.0,1358.0,861.0,0.634020618556701,-626.7321100917434,-416.6568807339463,185.51470588235293,11.896303291959043
Eibar sección 02005,3002005,14491.0,923.0,621.0,0.6728060671722643,-572.7321100917434,-376.6568807339463,-54.48529411764707,12.896303291959043
Irun sección 01002,4501002,12457.0,1207.0,809.0,0.6702568351284176,-2606.7321100917434,453.3431192660537,133.51470588235293,12.896303291959043
Arrasate/Mondragón sección 05001,5505001,18957.0,612.0,221.0,0.3611111111111111,3893.2678899082566,-995.6568807339463,-454.4852941176471,12.896303291959043
Irun sección 02003,4502003,12002.0,759.0,451.0,0.5942028985507246,-3061.7321100917434,600.3431192660537,-224.48529411764707,12.896303291959043
Hondarribia sección 01006,3601006,12341.0,1190.0,784.0,0.6588235294117647,-2722.7321100917434,722.3431192660537,108.51470588235293,13.896303291959043
Arrasate/Mondragón sección 01001,5501001,15879.0,982.0,663.0,0.675152749490835,815.2678899082566,-561.6568807339463,-12.485294117647072,13.896303291959043
Elgeta sección 01001,3301001,15227.0,868.0,600.0,0.6912442396313364,163.26788990825662,-405.6568807339463,-75.48529411764707,13.896303291959043
Donostia/San Sebastián sección 02005,6902005,19325.0,664.0,474.0,0.713855421686747,4261.267889908257,1786.3431192660537,-201.48529411764707,13.896303291959043
Ordizia sección 01005,7601005,14314.0,1209.0,802.0,0.663358147229115,-749.7321100917434,-330.6568807339463,126.51470588235293,13.896303291959043
Andoain sección 01002,901002,13920.0,1337.0,896.0,0.6701570680628273,-1143.7321100917434,-98.65688073394631,220.51470588235293,14.896303291959043
Mutriku sección 02001,5602001,12263.0,622.0,329.0,0.5289389067524116,-2800.7321100917434,1320.3431192660537,-346.4852941176471,14.896303291959043
Eibar sección 02002,3002002,12964.0,918.0,521.0,0.5675381263616558,-2099.7321100917434,91.34311926605369,-154.48529411764707,14.896303291959043
Irun sección 02005,4502005,13887.0,1322.0,822.0,0.6217851739788199,-1176.7321100917434,133.3431192660537,146.51470588235293,15.896303291959043
Urnieta sección 01002,7201002,12444.0,1055.0,620.0,0.5876777251184834,-2619.7321100917434,352.3431192660537,-55.48529411764707,15.896303291959043
Zumaia sección 01002,8101002,14549.0,1269.0,827.0,0.6516942474389283,-514.7321100917434,350.3431192660537,151.51470588235293,15.896303291959043
Mutriku sección 01003,5601003,13200.0,1159.0,713.0,0.6151855047454702,-1863.7321100917434,-692.6568807339463,37.51470588235293,16.896303291959043
Arrasate/Mondragón sección 02004,5502004,14364.0,1025.0,624.0,0.608780487804878,-699.7321100917434,-121.65688073394631,-51.48529411764707,16.896303291959043
Zarautz sección 02006,7902006,12852.0,1412.0,920.0,0.6515580736543909,-2211.7321100917434,198.3431192660537,244.51470588235293,16.896303291959043
Azkoitia sección 02002,1702002,13843.0,1741.0,1085.0,0.6232050545663412,-1220.7321100917434,670.3431192660537,409.5147058823529,16.896303291959043
Tolosa sección 02001,7102001,16534.0,840.0,568.0,0.6761904761904762,1470.2678899082566,316.3431192660537,-107.48529411764707,16.896303291959043
Hondarribia sección 01009,3601009,18655.0,955.0,678.0,0.7099476439790576,3591.2678899082566,1200.3431192660537,2.514705882352928,16.896303291959043
Hondarribia sección 01008,3601008,18809.0,1259.0,813.0,0.6457505957108817,3745.2678899082566,2654.3431192660537,137.51470588235293,18.896303291959043
Oiartzun sección 01007,6301007,15032.0,1282.0,862.0,0.672386895475819,-31.73211009174338,529.3431192660537,186.51470588235293,18.896303291959043
Zarautz sección 01002,7901002,15183.0,987.0,653.0,0.6616008105369807,119.26788990825662,1392.3431192660537,-22.485294117647072,18.896303291959043
Getaria sección 01001,3901001,13979.0,791.0,505.0,0.638432364096081,-1084.7321100917434,1165.3431192660537,-170.48529411764707,18.896303291959043
Segura sección 01001,7001001,16254.0,1092.0,748.0,0.684981684981685,1190.2678899082566,-238.6568807339463,72.51470588235293,19.896303291959043
Donostia/San Sebastián sección 06028,6906028,17108.0,1136.0,793.0,0.6980633802816901,2044.2678899082566,1428.3431192660537,117.51470588235293,19.896303291959043
Donostia/San Sebastián sección 06025,6906025,16409.0,1791.0,1184.0,0.6610831937465104,1345.2678899082566,146.3431192660537,508.5147058823529,19.896303291959043
Arrasate/Mondragón sección 04004,5504004,19993.0,912.0,617.0,0.6765350877192983,4929.267889908257,-2132.6568807339463,-58.48529411764707,19.896303291959043
Oiartzun sección 01005,6301005,12461.0,840.0,511.0,0.6083333333333333,-2602.7321100917434,229.3431192660537,-164.48529411764707,19.896303291959043
Donostia/San Sebastián sección 06010,6906010,18406.0,1002.0,682.0,0.6806387225548902,3342.2678899082566,3078.3431192660537,6.514705882352928,19.896303291959043
Zestoa sección 01002,2701002,13340.0,1031.0,591.0,0.5732298739088264,-1723.7321100917434,-445.6568807339463,-84.48529411764707,20.896303291959043
Hondarribia sección 01012,3601012,23048.0,753.0,497.0,0.6600265604249668,7984.267889908257,305.3431192660537,-178.48529411764707,20.896303291959043
Oñati sección 01005,5901005,17062.0,998.0,657.0,0.6583166332665331,1998.2678899082566,-578.6568807339463,-18.485294117647072,20.896303291959043
Errezil sección 01001,6601001,12270.0,454.0,236.0,0.5198237885462555,-2793.7321100917434,-409.6568807339463,-439.4852941176471,21.896303291959043
Mendaro sección 01001,90101001,13817.0,1437.0,908.0,0.6318719554627696,-1246.7321100917434,152.3431192660537,232.51470588235293,21.896303291959043
Aizarnazabal sección 01001,301001,12996.0,547.0,308.0,0.5630712979890311,-2067.7321100917434,424.3431192660537,-367.4852941176471,21.896303291959043
Eibar sección 04002,3004002,16441.0,748.0,511.0,0.6831550802139037,1377.2678899082566,-203.6568807339463,-164.48529411764707,21.896303291959043
Zumaia sección 01003,8101003,14195.0,1704.0,1105.0,0.6484741784037559,-868.7321100917434,138.3431192660537,429.5147058823529,22.896303291959043
Eskoriatza sección 01001,3401001,15741.0,1586.0,1001.0,0.6311475409836066,677.2678899082566,-581.6568807339463,325.5147058823529,22.896303291959043
Hondarribia sección 01003,3601003,14567.0,1178.0,763.0,0.6477079796264855,-496.7321100917434,1029.3431192660537,87.51470588235293,22.896303291959043
Irun sección 04006,4504006,11685.0,1295.0,832.0,0.6424710424710425,-3378.7321100917434,57.34311926605369,156.51470588235293,22.896303291959043
Pasaia sección 03002,6403002,13159.0,1404.0,913.0,0.6502849002849003,-1904.7321100917434,-107.65688073394631,237.51470588235293,22.896303291959043
Hondarribia sección 01001,3601001,14105.0,1198.0,709.0,0.5918196994991652,-958.7321100917434,48.34311926605369,33.51470588235293,22.896303291959043
Zestoa sección 01001,2701001,13206.0,1783.0,1170.0,0.6561974200785193,-1857.7321100917434,-323.6568807339463,494.5147058823529,23.896303291959043
Lezo sección 01001,5301001,13432.0,1565.0,1003.0,0.6408945686900959,-1631.7321100917434,-156.6568807339463,327.5147058823529,24.896303291959043
Beasain sección 01002,1901002,18149.0,1596.0,1042.0,0.6528822055137845,3085.2678899082566,-2655.6568807339463,366.5147058823529,24.896303291959043
Ordizia sección 01003,7601003,14789.0,971.0,640.0,0.659114315139032,-274.7321100917434,-296.6568807339463,-35.48529411764707,24.896303291959043
Errenteria sección 01036,6701036,14308.0,1239.0,903.0,0.7288135593220338,-755.7321100917434,760.3431192660537,227.51470588235293,25.896303291959043
Oiartzun sección 01001,6301001,16026.0,1447.0,1013.0,0.7000691085003455,962.2678899082566,120.34311926605369,337.5147058823529,25.896303291959043
Azkoitia sección 03003,1703003,14585.0,679.0,447.0,0.658321060382916,-478.7321100917434,398.3431192660537,-228.48529411764707,25.896303291959043
Arrasate/Mondragón sección 01003,5501003,17353.0,783.0,513.0,0.6551724137931034,2289.2678899082566,1358.3431192660537,-162.48529411764707,25.896303291959043
Arrasate/Mondragón sección 04002,5504002,16106.0,1108.0,700.0,0.631768953068592,1042.2678899082566,-474.6568807339463,24.514705882352928,25.896303291959043
Zarautz sección 02001,7902001,23438.0,1255.0,886.0,0.7059760956175298,8374.267889908257,-181.6568807339463,210.51470588235293,26.896303291959043
Villabona sección 01003,7501003,14406.0,1396.0,836.0,0.5988538681948424,-657.7321100917434,-4.656880733946309,160.51470588235293,27.896303291959043
Irun sección 03019,4503019,16953.0,908.0,558.0,0.6145374449339207,1889.2678899082566,379.3431192660537,-117.48529411764707,28.896303291959043
Irun sección 03017,4503017,15227.0,1514.0,1010.0,0.667107001321004,163.26788990825662,569.3431192660537,334.5147058823529,29.896303291959043
Oiartzun sección 01004,6301004,13064.0,1464.0,926.0,0.6325136612021858,-1999.7321100917434,995.3431192660537,250.51470588235293,29.896303291959043
Elgoibar sección 01003,3201003,15372.0,1493.0,983.0,0.6584058941728065,308.2678899082566,893.3431192660537,307.5147058823529,29.896303291959043
Andoain sección 01003,901003,12916.0,1441.0,928.0,0.6439972241498959,-2147.7321100917434,274.3431192660537,252.51470588235293,29.896303291959043
Zumarraga sección 01003,8001003,15327.0,626.0,423.0,0.6757188498402555,263.2678899082566,-1316.6568807339463,-252.48529411764707,29.896303291959043
Donostia/San Sebastián sección 07031,6907031,14244.0,1546.0,1079.0,0.6979301423027167,-819.7321100917434,362.3431192660537,403.5147058823529,29.896303291959043
Hernani sección 01003,4001003,14047.0,851.0,548.0,0.6439482961222092,-1016.7321100917434,685.3431192660537,-127.48529411764707,30.896303291959043
Zumaia sección 01006,8101006,12758.0,893.0,542.0,0.606942889137738,-2305.7321100917434,433.3431192660537,-133.48529411764707,30.896303291959043
Hondarribia sección 01004,3601004,14659.0,773.0,499.0,0.6455368693402329,-404.7321100917434,488.3431192660537,-176.48529411764707,30.896303291959043
Hernani sección 01010,4001010,14542.0,1460.0,886.0,0.6068493150684932,-521.7321100917434,234.3431192660537,210.51470588235293,31.896303291959043
Ordizia sección 01004,7601004,17381.0,840.0,576.0,0.6857142857142857,2317.2678899082566,-120.65688073394631,-99.48529411764707,31.896303291959043
Amezketa sección 01001,801001,14755.0,716.0,362.0,0.505586592178771,-308.7321100917434,873.3431192660537,-313.4852941176471,31.896303291959043
Hernani sección 01008,4001008,11351.0,869.0,439.0,0.5051783659378596,-3712.7321100917434,368.3431192660537,-236.48529411764707,31.896303291959043
Eibar sección 04001,3004001,14046.0,909.0,569.0,0.6259625962596259,-1017.7321100917434,-333.6568807339463,-106.48529411764707,31.896303291959043
Irun sección 04002,4504002,10269.0,652.0,305.0,0.4677914110429448,-4794.732110091743,-554.6568807339463,-370.4852941176471,32.89630329195904
Zarautz sección 01003,7901003,14901.0,988.0,639.0,0.6467611336032388,-162.73211009174338,-39.65688073394631,-36.48529411764707,32.89630329195904
Azkoitia sección 03002,1703002,14828.0,1081.0,736.0,0.6808510638297872,-235.73211009174338,527.3431192660537,60.51470588235293,33.89630329195904
Zarautz sección 02007,7902007,14361.0,1294.0,816.0,0.6306027820710973,-702.7321100917434,74.34311926605369,140.51470588235293,33.89630329195904
Zarautz sección 02005,7902005,13783.0,1245.0,813.0,0.653012048192771,-1280.7321100917434,-5.656880733946309,137.51470588235293,33.89630329195904
Bergara sección 01002,7401002,16767.0,1544.0,1108.0,0.7176165803108808,1703.2678899082566,524.3431192660537,432.5147058823529,34.89630329195904
Deba sección 02001,2902001,14174.0,788.0,452.0,0.5736040609137056,-889.7321100917434,-428.6568807339463,-223.48529411764707,34.89630329195904
Zizurkil sección 01001,2801001,14814.0,1427.0,922.0,0.6461107217939733,-249.73211009174338,27.34311926605369,246.51470588235293,34.89630329195904
Zarautz sección 02010,7902010,17367.0,1053.0,763.0,0.724596391263058,2303.2678899082566,805.3431192660537,87.51470588235293,34.89630329195904
Eibar sección 04003,3004003,22142.0,1003.0,700.0,0.6979062811565304,7078.267889908257,-221.6568807339463,24.514705882352928,34.89630329195904
Anoeta sección 01001,1001001,13355.0,1499.0,992.0,0.6617745163442295,-1708.7321100917434,11.34311926605369,316.5147058823529,34.89630329195904
Arrasate/Mondragón sección 02001,5502001,16419.0,1006.0,684.0,0.679920477137177,1355.2678899082566,-148.6568807339463,8.514705882352928,35.89630329195904
Deba sección 01003,2901003,15411.0,767.0,526.0,0.6857887874837028,347.2678899082566,380.3431192660537,-149.48529411764707,35.89630329195904
Deba sección 01002,2901002,14330.0,1392.0,918.0,0.6594827586206896,-733.7321100917434,-154.6568807339463,242.51470588235293,35.89630329195904
Azpeitia sección 01001,1801001,14545.0,975.0,599.0,0.6143589743589744,-518.7321100917434,2131.3431192660537,-76.48529411764707,35.89630329195904
Arrasate/Mondragón sección 04001,5504001,16860.0,1029.0,643.0,0.6248785228377065,1796.2678899082566,-856.6568807339463,-32.48529411764707,36.89630329195904
Oiartzun sección 01002,6301002,13219.0,863.0,572.0,0.6628041714947857,-1844.7321100917434,566.3431192660537,-103.48529411764707,37.89630329195904
Errenteria sección 01005,6701005,13142.0,1144.0,742.0,0.6486013986013986,-1921.7321100917434,252.3431192660537,66.51470588235293,38.89630329195904
Azkoitia sección 02001,1702001,15021.0,748.0,467.0,0.6243315508021391,-42.73211009174338,-621.6568807339463,-208.48529411764707,38.89630329195904
Donostia/San Sebastián sección 06013,6906013,15809.0,696.0,486.0,0.6982758620689655,745.2678899082566,1683.3431192660537,-189.48529411764707,38.89630329195904
Azpeitia sección 01004,1801004,14072.0,1620.0,984.0,0.6074074074074074,-991.7321100917434,-534.6568807339463,308.5147058823529,39.89630329195904
Hernani sección 01002,4001002,13704.0,925.0,582.0,0.6291891891891892,-1359.7321100917434,-123.65688073394631,-93.48529411764707,39.89630329195904
Azkoitia sección 03001,1703001,13617.0,990.0,621.0,0.6272727272727273,-1446.7321100917434,-71.65688073394631,-54.48529411764707,39.89630329195904
Azkoitia sección 01001,1701001,12312.0,1180.0,665.0,0.5635593220338984,-2751.7321100917434,-439.6568807339463,-10.485294117647072,40.89630329195904
Hernani sección 01015,4001015,15425.0,692.0,466.0,0.6734104046242775,361.2678899082566,692.3431192660537,-209.48529411764707,41.89630329195904
Donostia/San Sebastián sección 07033,6907033,13995.0,1675.0,1121.0,0.6692537313432836,-1068.7321100917434,1041.3431192660537,445.5147058823529,42.89630329195904
Urretxu sección 01002,7701002,13739.0,1133.0,788.0,0.6954986760812003,-1324.7321100917434,-154.6568807339463,112.51470588235293,42.89630329195904
Pasaia sección 02009,6402009,14146.0,599.0,374.0,0.6243739565943238,-917.7321100917434,675.3431192660537,-301.4852941176471,43.89630329195904
Orio sección 01002,6101002,13652.0,1093.0,695.0,0.6358645928636779,-1411.7321100917434,177.3431192660537,19.514705882352928,44.89630329195904
Donostia/San Sebastián sección 06022,6906022,18343.0,1239.0,920.0,0.7425343018563357,3279.2678899082566,2430.3431192660537,244.51470588235293,45.89630329195904
Azpeitia sección 01006,1801006,12171.0,1447.0,849.0,0.5867311679336559,-2892.7321100917434,-332.6568807339463,173.51470588235293,45.89630329195904
Azpeitia sección 01009,1801009,15217.0,1278.0,830.0,0.6494522691705791,153.26788990825662,-189.6568807339463,154.51470588235293,46.89630329195904
Donostia/San Sebastián sección 06020,6906020,24084.0,875.0,632.0,0.7222857142857143,9020.267889908257,3621.3431192660537,-43.48529411764707,48.89630329195904
Azpeitia sección 01008,1801008,13795.0,569.0,309.0,0.5430579964850615,-1268.7321100917434,-401.6568807339463,-366.4852941176471,48.89630329195904
Azpeitia sección 01007,1801007,14734.0,1002.0,533.0,0.5319361277445109,-329.7321100917434,84.34311926605369,-142.48529411764707,48.89630329195904
Beasain sección 01007,1901007,16421.0,1792.0,1225.0,0.68359375,1357.2678899082566,12.34311926605369,549.5147058823529,48.89630329195904
Donostia/San Sebastián sección 03012,6903012,20879.0,1177.0,857.0,0.7281223449447749,5815.267889908257,-351.6568807339463,181.51470588235293,49.89630329195904
Elgoibar sección 01005,3201005,15436.0,945.0,585.0,0.6190476190476191,372.2678899082566,-289.6568807339463,-90.48529411764707,50.89630329195904
Errenteria sección 01006,6701006,14874.0,1625.0,1104.0,0.6793846153846154,-189.73211009174338,-323.6568807339463,428.5147058823529,51.89630329195904
Elgoibar sección 01010,3201010,15123.0,877.0,536.0,0.6111744583808438,59.26788990825662,-281.6568807339463,-139.48529411764707,52.89630329195904
Irura sección 01001,4601001,13787.0,1223.0,739.0,0.6042518397383483,-1276.7321100917434,0.3431192660536908,63.51470588235293,52.89630329195904
Alegia sección 01001,501001,12678.0,1260.0,738.0,0.5857142857142857,-2385.7321100917434,298.3431192660537,62.51470588235293,53.89630329195904
Hernani sección 01005,4001005,14175.0,1224.0,768.0,0.6274509803921569,-888.7321100917434,160.3431192660537,92.51470588235293,53.89630329195904
Urnieta sección 01004,7201004,13576.0,1153.0,755.0,0.6548135299219427,-1487.7321100917434,398.3431192660537,79.51470588235293,53.89630329195904
Azpeitia sección 01002,1801002,12754.0,1125.0,699.0,0.6213333333333333,-2309.7321100917434,-154.6568807339463,23.514705882352928,53.89630329195904
Donostia/San Sebastián sección 06026,6906026,22857.0,1332.0,980.0,0.7357357357357357,7793.267889908257,497.3431192660537,304.5147058823529,54.89630329195904
Donostia/San Sebastián sección 07007,6907007,15673.0,1162.0,748.0,0.6437177280550774,609.2678899082566,-358.6568807339463,72.51470588235293,55.89630329195904
Tolosa sección 02002,7102002,17820.0,1447.0,949.0,0.6558396682791984,2756.2678899082566,-205.6568807339463,273.5147058823529,56.89630329195904
Asteasu sección 01001,1401001,13645.0,1108.0,611.0,0.5514440433212996,-1418.7321100917434,334.3431192660537,-64.48529411764707,57.89630329195904
Mutriku sección 01001,5601001,15000.0,1028.0,675.0,0.6566147859922179,-63.73211009174338,285.3431192660537,-0.4852941176470722,57.89630329195904
Tolosa sección 03003,7103003,16072.0,1565.0,1035.0,0.6613418530351438,1008.2678899082566,439.3431192660537,359.5147058823529,57.89630329195904
Aretxabaleta sección 01002,1301002,17845.0,1529.0,1039.0,0.6795291039895357,2781.2678899082566,-1688.6568807339463,363.5147058823529,58.89630329195904
Arrasate/Mondragón sección 01005,5501005,22289.0,1341.0,955.0,0.7121551081282624,7225.267889908257,-2537.6568807339463,279.5147058823529,59.89630329195904
Villabona sección 01001,7501001,13025.0,1674.0,1047.0,0.6254480286738351,-2038.7321100917434,224.3431192660537,371.5147058823529,59.89630329195904
Zarautz sección 02011,7902011,14812.0,907.0,632.0,0.6968026460859978,-251.73211009174338,1312.3431192660537,-43.48529411764707,59.89630329195904
Errenteria sección 01022,6701022,13156.0,1321.0,880.0,0.6661619984859954,-1907.7321100917434,-237.6568807339463,204.51470588235293,59.89630329195904
Getaria sección 01002,3901002,15397.0,1320.0,975.0,0.7386363636363636,333.2678899082566,140.3431192660537,299.5147058823529,63.89630329195904
Eibar sección 03001,3003001,12617.0,1219.0,709.0,0.5816242821985234,-2446.7321100917434,306.3431192660537,33.51470588235293,65.89630329195904
Idiazabal sección 01001,4301001,16933.0,1739.0,1090.0,0.6267970097757332,1869.2678899082566,-150.6568807339463,414.5147058823529,68.89630329195904
Zarautz sección 02004,7902004,12598.0,1378.0,849.0,0.6161103047895501,-2465.7321100917434,21.34311926605369,173.51470588235293,69.89630329195904
Berastegi sección 01001,2201001,14008.0,839.0,473.0,0.5637663885578069,-1055.7321100917434,970.3431192660537,-202.48529411764707,70.89630329195904
Urnieta sección 01003,7201003,13640.0,1571.0,944.0,0.6008911521323997,-1423.7321100917434,199.3431192660537,268.5147058823529,71.89630329195904
Azkoitia sección 03004,1703004,15978.0,1382.0,963.0,0.6968162083936325,914.2678899082566,1181.3431192660537,287.5147058823529,72.89630329195904
Oñati sección 01006,5901006,18984.0,1661.0,1105.0,0.6652618904274533,3920.2678899082566,-1022.6568807339463,429.5147058823529,74.89630329195904
Zumaia sección 01005,8101005,15437.0,812.0,522.0,0.6428571428571429,373.2678899082566,922.3431192660537,-153.48529411764707,74.89630329195904
Deba sección 01001,2901001,17000.0,1334.0,917.0,0.6874062968515742,1936.2678899082566,-897.6568807339463,241.51470588235293,75.89630329195904
Donostia/San Sebastián sección 03004,6903004,19363.0,849.0,622.0,0.7326266195524146,4299.267889908257,2267.3431192660537,-53.48529411764707,76.89630329195904
Usurbil sección 01001,7301001,14272.0,1667.0,1111.0,0.6664667066586683,-791.7321100917434,906.3431192660537,435.5147058823529,77.89630329195904
Aretxabaleta sección 01003,1301003,16742.0,1523.0,983.0,0.6454366382140512,1678.2678899082566,-1257.6568807339463,307.5147058823529,77.89630329195904
Legazpi sección 01002,5101002,16285.0,1815.0,1268.0,0.6986225895316804,1221.2678899082566,-199.6568807339463,592.5147058823529,77.89630329195904
Lezo sección 01004,5301004,13568.0,1268.0,801.0,0.6317034700315457,-1495.7321100917434,-81.65688073394631,125.51470588235293,79.89630329195904
Tolosa sección 04001,7104001,15491.0,1102.0,677.0,0.6143375680580763,427.2678899082566,-175.6568807339463,1.5147058823529278,80.89630329195904
Bergara sección 02003,7402003,14910.0,1868.0,1229.0,0.6579229122055674,-153.73211009174338,215.3431192660537,553.5147058823529,80.89630329195904
Lasarte-Oria sección 01001,90201001,15196.0,1150.0,818.0,0.711304347826087,132.26788990825662,14.34311926605369,142.51470588235293,83.89630329195904
Eskoriatza sección 01002,3401002,16516.0,1559.0,1025.0,0.6574727389352149,1452.2678899082566,-807.6568807339463,349.5147058823529,83.89630329195904
Zarautz sección 02003,7902003,13136.0,1527.0,991.0,0.6489849377865095,-1927.7321100917434,611.3431192660537,315.5147058823529,86.89630329195904
Urretxu sección 01006,7701006,15490.0,1079.0,762.0,0.706209453197405,426.2678899082566,-193.6568807339463,86.51470588235293,86.89630329195904
Zarautz sección 02008,7902008,17297.0,1520.0,994.0,0.6539473684210526,2233.2678899082566,962.3431192660537,318.5147058823529,90.89630329195904
Beasain sección 01003,1901003,17327.0,1477.0,968.0,0.6553825321597834,2263.2678899082566,1155.3431192660537,292.5147058823529,90.89630329195904
Usurbil sección 01003,7301003,14017.0,1556.0,992.0,0.6375321336760925,-1046.7321100917434,430.3431192660537,316.5147058823529,92.89630329195904
Zarautz sección 02002,7902002,19066.0,1424.0,1028.0,0.7219101123595506,4002.2678899082566,-312.6568807339463,352.5147058823529,93.89630329195904
Aretxabaleta sección 01004,1301004,17825.0,1174.0,777.0,0.661839863713799,2761.2678899082566,210.3431192660537,101.51470588235293,97.89630329195904
Bergara sección 01004,7401004,14981.0,748.0,494.0,0.660427807486631,-82.73211009174338,51.34311926605369,-181.48529411764707,98.89630329195904
Donostia/San Sebastián sección 04013,6904013,15846.0,1199.0,831.0,0.6930775646371977,782.2678899082566,574.3431192660537,155.51470588235293,98.89630329195904
Zarautz sección 01001,7901001,14105.0,1549.0,1027.0,0.6630083925112976,-958.7321100917434,451.3431192660537,351.5147058823529,105.89630329195904
Zarautz sección 02009,7902009,14338.0,1347.0,849.0,0.6302895322939867,-725.7321100917434,549.3431192660537,173.51470588235293,118.89630329195904
Tolosa sección 04002,7104002,16085.0,1143.0,729.0,0.6377952755905512,1021.2678899082566,655.3431192660537,53.51470588235293,119.89630329195904
Donostia/San Sebastián sección 06014,6906014,22419.0,1413.0,1036.0,0.7331917905166313,7355.267889908257,367.3431192660537,360.5147058823529,119.89630329195904
Tolosa sección 01004,7101004,13708.0,1236.0,764.0,0.6181229773462783,-1355.7321100917434,71.34311926605369,88.51470588235293,125.89630329195904
Donostia/San Sebastián sección 06027,6906027,26382.0,707.0,498.0,0.7043847241867044,11318.267889908257,861.3431192660537,-177.48529411764707,129.89630329195904
Oñati sección 01007,5901007,16806.0,1190.0,780.0,0.6554621848739496,1742.2678899082566,-70.65688073394631,104.51470588235293,131.89630329195904
Eibar sección 01001,3001001,21537.0,1262.0,838.0,0.6640253565768621,6473.267889908257,-657.6568807339463,162.51470588235293,135.89630329195904
Ordizia sección 01008,7601008,18089.0,1206.0,852.0,0.7064676616915423,3025.2678899082566,-469.6568807339463,176.51470588235293,137.89630329195904
Hernani sección 01016,4001016,14184.0,1586.0,991.0,0.6248423707440101,-879.7321100917434,212.3431192660537,315.5147058823529,138.89630329195904
Lazkao sección 01003,4901003,15598.0,1246.0,810.0,0.6500802568218299,534.2678899082566,1073.3431192660537,134.51470588235293,140.89630329195904
Orio sección 01003,6101003,14729.0,1891.0,1117.0,0.5906927551560022,-334.7321100917434,-166.6568807339463,441.5147058823529,147.89630329195904
Tolosa sección 03001,7103001,16364.0,1880.0,1180.0,0.6276595744680851,1300.2678899082566,500.3431192660537,504.5147058823529,149.89630329195904
Hernani sección 01007,4001007,12177.0,834.0,452.0,0.5419664268585132,-2886.7321100917434,562.3431192660537,-223.48529411764707,152.89630329195904
Astigarraga sección 01001,90301001,14707.0,1416.0,935.0,0.6603107344632768,-356.7321100917434,848.3431192660537,259.5147058823529,155.89630329195904
Arrasate/Mondragón sección 01006,5501006,15910.0,1590.0,1039.0,0.6534591194968553,846.2678899082566,-343.6568807339463,363.5147058823529,155.89630329195904
Hondarribia sección 01011,3601011,14442.0,1435.0,939.0,0.6543554006968642,-621.7321100917434,442.3431192660537,263.5147058823529,171.89630329195904
Lasarte-Oria sección 01006,90201006,12234.0,1208.0,767.0,0.6349337748344371,-2829.7321100917434,1203.3431192660537,91.51470588235293,184.89630329195904
Orio sección 01001,6101001,14660.0,1289.0,789.0,0.6121024049650892,-403.7321100917434,811.3431192660537,113.51470588235293,188.89630329195904
Oñati sección 02001,5902001,17706.0,1460.0,877.0,0.6006849315068493,2642.2678899082566,-629.6568807339463,201.51470588235293,194.89630329195904
Hernani sección 01013,4001013,12906.0,1397.0,905.0,0.6478167501789549,-2157.7321100917434,-515.6568807339463,229.51470588235293,219.89630329195904
Irun sección 02010,4502010,13755.0,1692.0,1188.0,0.7021276595744681,-1308.7321100917434,-40.65688073394631,512.5147058823529,240.89630329195904
Irun sección 04004,4504004,14726.0,947.0,650.0,0.6863780359028511,-337.7321100917434,-1649.6568807339463,-25.485294117647072,257.89630329195904
Zumaia sección 01004,8101004,13259.0,999.0,633.0,0.6336336336336337,-1804.7321100917434,330.3431192660537,-42.48529411764707,265.89630329195904
Donostia/San Sebastián sección 03020,6903020,15512.0,1954.0,1181.0,0.6044012282497441,448.2678899082566,2016.3431192660537,505.5147058823529,272.89630329195904
,999090000,,5723.0,2768.0,0.4836624148174034,,,2092.514705882353,284.8963032919587
Azpeitia sección 01005,1801005,17246.0,1794.0,1121.0,0.624860646599777,2182.2678899082566,-524.6568807339463,445.5147058823529,319.89630329195904
Astigarraga sección 01002,90301002,14353.0,1195.0,724.0,0.605857740585774,-710.7321100917434,1688.3431192660537,48.51470588235293,375.89630329195904
Donostia/San Sebastián sección 03033,6903033,15063.0,,,,-0.7321100917433796,1477.3431192660537,,
Donostia/San Sebastián sección 03034,6903034,15063.0,,,,-0.7321100917433796,1373.3431192660537,,
